Category,CategoryID,GO,Description,PARENT_GO,LogP,Enrichment,Z-score,#TotalGeneInLibrary,#GeneInGO,#GeneInHitList,#GeneInGOAndHitList,%InGO,STDV %InGO,GeneID,Hits,Log(q-value),GeneList
GO Biological Processes,19,GO:0007229,integrin-mediated signaling pathway,19_GO:0050896 response to stimulus,-5.6,42,13,30230,97,30,4,13,6.2,335|1015|3673|3678,APOA1|CDH17|ITGA2|ITGA5,-1.5,Up
Reactome Gene Sets,6,R-HSA-8964043,Plasma lipoprotein clearance,,-5.2,82,15,30230,37,30,3,10,5.5,335|341|7314,APOA1|APOC1|UBB,-1.5,Up
Reactome Gene Sets,6,R-HSA-381426,Regulation of Insulin-like Growth Factor (IGF) transport and uptake by Insulin-like Growth Factor Binding Proteins (IGFBPs),,-5.2,32,11,30230,125,30,4,13,6.2,335|3484|3489|7018,APOA1|IGFBP1|IGFBP6|TF,-1.5,Up
GO Biological Processes,19,GO:0002252,immune effector process,19_GO:0002376 immune system process,-5.1,12,8,30230,488,30,6,20,7.3,730|1015|1113|3251|28400|64218,C7|CDH17|CHGA|HPRT1|IGHV4-28|SEMA4A,-1.5,Up
Reactome Gene Sets,6,R-HSA-114608,Platelet degranulation,,-5.1,31,11,30230,129,30,4,13,6.2,335|5004|5919|7018,APOA1|ORM1|RARRES2|TF,-1.5,Up
Reactome Gene Sets,6,R-HSA-76005,Response to elevated platelet cytosolic Ca2+,,-5,30,11,30230,134,30,4,13,6.2,335|5004|5919|7018,APOA1|ORM1|RARRES2|TF,-1.5,Up
Reactome Gene Sets,6,R-HSA-1474244,Extracellular matrix organization,,-4.8,16,8.4,30230,318,30,5,17,6.8,2192|3673|3678|5802|169044,FBLN1|ITGA2|ITGA5|PTPRS|COL22A1,-1.4,Up
GO Biological Processes,19,GO:0098609,cell-cell adhesion,19_GO:0009987 cellular process,-4.8,11,7.4,30230,556,30,6,20,7.3,1015|3673|3678|5802|5818|51294,CDH17|ITGA2|ITGA5|PTPRS|NECTIN1|PCDH12,-1.4,Up
Reactome Gene Sets,6,R-HSA-109582,Hemostasis,,-4.5,9.7,6.9,30230,621,30,6,20,7.3,335|3673|3678|5004|5919|7018,APOA1|ITGA2|ITGA5|ORM1|RARRES2|TF,-1.2,Up
Reactome Gene Sets,6,R-HSA-174824,"Plasma lipoprotein assembly, remodeling, and clearance",,-4.2,40,11,30230,75,30,3,10,5.5,335|341|7314,APOA1|APOC1|UBB,-0.94,Up
GO Biological Processes,19,GO:0000902,cell morphogenesis,19_GO:0032502 developmental process,-4.2,8.4,6.3,30230,717,30,6,20,7.3,104|1015|3251|5818|7314|64218,ADARB1|CDH17|HPRT1|NECTIN1|UBB|SEMA4A,-0.94,Up
Reactome Gene Sets,6,R-HSA-6806834,Signaling by MET,,-4.2,38,10,30230,79,30,3,10,5.5,3673|7314|10048,ITGA2|UBB|RANBP9,-0.94,Up
GO Biological Processes,19,GO:0014823,response to activity,19_GO:0050896 response to stimulus,-4.2,38,10,30230,80,30,3,10,5.5,3673|3678|5919,ITGA2|ITGA5|RARRES2,-0.94,Up
WikiPathways,27,WP2806,Complement system,,-3.9,32,9.5,30230,95,30,3,10,5.5,335|730|3673,APOA1|C7|ITGA2,-0.85,Up
GO Biological Processes,19,GO:0048812,neuron projection morphogenesis,19_GO:0032502 developmental process,-3.9,10,6.5,30230,496,30,5,17,6.8,104|3251|5818|7314|64218,ADARB1|HPRT1|NECTIN1|UBB|SEMA4A,-0.85,Up
GO Biological Processes,19,GO:0021954,central nervous system neuron development,19_GO:0032502 developmental process,-3.9,31,9.4,30230,96,30,3,10,5.5,104|3251|7314,ADARB1|HPRT1|UBB,-0.85,Up
GO Biological Processes,19,GO:0120039,plasma membrane bounded cell projection morphogenesis,19_GO:0032502 developmental process,-3.9,10,6.4,30230,501,30,5,17,6.8,104|3251|5818|7314|64218,ADARB1|HPRT1|NECTIN1|UBB|SEMA4A,-0.85,Up
Reactome Gene Sets,6,R-HSA-76002,"Platelet activation, signaling and aggregation",,-3.9,15,7.4,30230,262,30,4,13,6.2,335|5004|5919|7018,APOA1|ORM1|RARRES2|TF,-0.85,Up
GO Biological Processes,19,GO:0048858,cell projection morphogenesis,19_GO:0032502 developmental process,-3.9,9.9,6.4,30230,508,30,5,17,6.8,104|3251|5818|7314|64218,ADARB1|HPRT1|NECTIN1|UBB|SEMA4A,-0.85,Up
GO Biological Processes,19,GO:0002460,adaptive immune response based on somatic recombination of immune receptors built from immunoglobulin superfamily domains,19_GO:0002376 immune system process,-3.9,15,7.3,30230,266,30,4,13,6.2,730|3251|28400|64218,C7|HPRT1|IGHV4-28|SEMA4A,-0.85,Up
Canonical Pathways,11,M5884,NABA CORE MATRISOME,,-3.8,15,7.2,30230,275,30,4,13,6.2,2192|3484|3489|169044,FBLN1|IGFBP1|IGFBP6|COL22A1,-0.85,Up
GO Biological Processes,19,GO:0050829,defense response to Gram-negative bacterium,19_GO:0044419 biological process involved in interspecies interaction between organisms,-3.8,28,8.9,30230,107,30,3,10,5.5,1113|5544|5919,CHGA|PRB3|RARRES2,-0.85,Up
Reactome Gene Sets,6,R-HSA-422475,Axon guidance,,-3.8,9.4,6.2,30230,534,30,5,17,6.8,3673|3678|7314|10048|64218,ITGA2|ITGA5|UBB|RANBP9|SEMA4A,-0.85,Up
Reactome Gene Sets,6,R-HSA-8957275,Post-translational protein phosphorylation,,-3.8,28,8.9,30230,108,30,3,10,5.5,335|3484|7018,APOA1|IGFBP1|TF,-0.85,Up
GO Biological Processes,19,GO:0030198,extracellular matrix organization,19_GO:0009987 cellular process,-3.7,14,6.9,30230,291,30,4,13,6.2,2192|3673|27299|169044,FBLN1|ITGA2|ADAMDEC1|COL22A1,-0.85,Up
GO Biological Processes,19,GO:0043062,extracellular structure organization,19_GO:0009987 cellular process,-3.7,14,6.9,30230,292,30,4,13,6.2,2192|3673|27299|169044,FBLN1|ITGA2|ADAMDEC1|COL22A1,-0.85,Up
GO Biological Processes,19,GO:0046718,symbiont entry into host cell,19_GO:0016032 viral process,-3.7,27,8.6,30230,113,30,3,10,5.5,3673|3678|5818,ITGA2|ITGA5|NECTIN1,-0.85,Up
GO Biological Processes,19,GO:0044409,symbiont entry into host,19_GO:0044419 biological process involved in interspecies interaction between organisms,-3.7,27,8.6,30230,113,30,3,10,5.5,3673|3678|5818,ITGA2|ITGA5|NECTIN1,-0.85,Up
GO Biological Processes,19,GO:0045229,external encapsulating structure organization,19_GO:0009987 cellular process,-3.7,14,6.9,30230,293,30,4,13,6.2,2192|3673|27299|169044,FBLN1|ITGA2|ADAMDEC1|COL22A1,-0.85,Up
GO Biological Processes,19,GO:0002443,leukocyte mediated immunity,19_GO:0002376 immune system process,-3.7,14,6.9,30230,293,30,4,13,6.2,730|1113|3251|28400,C7|CHGA|HPRT1|IGHV4-28,-0.85,Up
Reactome Gene Sets,6,R-HSA-9675108,Nervous system development,,-3.7,9,6,30230,559,30,5,17,6.8,3673|3678|7314|10048|64218,ITGA2|ITGA5|UBB|RANBP9|SEMA4A,-0.84,Up
GO Biological Processes,19,GO:0034330,cell junction organization,19_GO:0009987 cellular process,-3.6,8.8,5.9,30230,571,30,5,17,6.8,1015|3673|3678|5802|5818,CDH17|ITGA2|ITGA5|PTPRS|NECTIN1,-0.82,Up
Reactome Gene Sets,6,R-HSA-373760,L1CAM interactions,,-3.6,25,8.4,30230,120,30,3,10,5.5,3673|3678|10048,ITGA2|ITGA5|RANBP9,-0.82,Up
WikiPathways,27,WP4541,Hippo Merlin signaling dysregulation,,-3.6,25,8.3,30230,121,30,3,10,5.5,1015|3673|3678,CDH17|ITGA2|ITGA5,-0.82,Up
GO Biological Processes,19,GO:0030100,regulation of endocytosis,19_GO:0051179 localization,-3.6,13,6.6,30230,319,30,4,13,6.2,335|341|3673|7018,APOA1|APOC1|ITGA2|TF,-0.78,Up
GO Biological Processes,19,GO:0042060,wound healing,19_GO:0050896 response to stimulus,-3.5,12,6.4,30230,339,30,4,13,6.2,2192|3673|3678|27299,FBLN1|ITGA2|ITGA5|ADAMDEC1,-0.69,Up
GO Biological Processes,19,GO:0042742,defense response to bacterium,19_GO:0044419 biological process involved in interspecies interaction between organisms,-3.4,12,6.3,30230,348,30,4,13,6.2,1113|5544|5919|7018,CHGA|PRB3|RARRES2|TF,-0.66,Up
GO Biological Processes,19,GO:0006935,chemotaxis,19_GO:0040011 locomotion,-3.4,11,6.2,30230,354,30,4,13,6.2,335|1113|5919|64218,APOA1|CHGA|RARRES2|SEMA4A,-0.64,Up
GO Biological Processes,19,GO:0042330,taxis,19_GO:0040011 locomotion,-3.4,11,6.2,30230,356,30,4,13,6.2,335|1113|5919|64218,APOA1|CHGA|RARRES2|SEMA4A,-0.64,Up
GO Biological Processes,19,GO:0051701,biological process involved in interaction with host,19_GO:0044419 biological process involved in interspecies interaction between organisms,-3.4,20,7.4,30230,149,30,3,10,5.5,3673|3678|5818,ITGA2|ITGA5|NECTIN1,-0.63,Up
GO Biological Processes,19,GO:0002250,adaptive immune response,19_GO:0002376 immune system process,-3.3,7.5,5.4,30230,673,30,5,17,6.8,730|3251|28400|28774|64218,C7|HPRT1|IGHV4-28|IGLV8-61|SEMA4A,-0.59,Up
GO Biological Processes,19,GO:0040011,locomotion,19_GO:0040011 locomotion,-3.3,11,5.9,30230,382,30,4,13,6.2,335|1113|5919|64218,APOA1|CHGA|RARRES2|SEMA4A,-0.56,Up
GO Biological Processes,19,GO:0045807,positive regulation of endocytosis,19_GO:0051179 localization,-3.2,18,7,30230,166,30,3,10,5.5,335|3673|7018,APOA1|ITGA2|TF,-0.52,Up
GO Biological Processes,19,GO:0010563,negative regulation of phosphorus metabolic process,19_GO:0048519 negative regulation of biological process,-3.2,18,6.9,30230,171,30,3,10,5.5,104|341|2192,ADARB1|APOC1|FBLN1,-0.51,Up
GO Biological Processes,19,GO:0045936,negative regulation of phosphate metabolic process,19_GO:0048519 negative regulation of biological process,-3.2,18,6.9,30230,171,30,3,10,5.5,104|341|2192,ADARB1|APOC1|FBLN1,-0.51,Up
GO Biological Processes,19,GO:0001818,negative regulation of cytokine production,19_GO:0048519 negative regulation of biological process,-3.2,9.9,5.7,30230,407,30,4,13,6.2,335|2192|5004|5802,APOA1|FBLN1|ORM1|PTPRS,-0.51,Up
GO Biological Processes,19,GO:0031175,neuron projection development,19_GO:0032502 developmental process,-3.2,7,5.1,30230,724,30,5,17,6.8,104|3251|5818|7314|64218,ADARB1|HPRT1|NECTIN1|UBB|SEMA4A,-0.51,Up
GO Biological Processes,19,GO:0007156,homophilic cell-cell adhesion,19_GO:0009987 cellular process,-3.2,17,6.8,30230,175,30,3,10,5.5,1015|5818|51294,CDH17|NECTIN1|PCDH12,-0.5,Up
GO Biological Processes,19,GO:0001906,cell killing,19_GO:0009987 cellular process,-3.1,17,6.7,30230,182,30,3,10,5.5,730|1113|3251,C7|CHGA|HPRT1,-0.47,Up
GO Biological Processes,19,GO:0051963,regulation of synapse assembly,19_GO:0032502 developmental process,-3.1,17,6.6,30230,183,30,3,10,5.5,5802|5818|64218,PTPRS|NECTIN1|SEMA4A,-0.47,Up
GO Biological Processes,19,GO:0019058,viral life cycle,19_GO:0016032 viral process,-3.1,16,6.6,30230,185,30,3,10,5.5,3673|3678|5818,ITGA2|ITGA5|NECTIN1,-0.46,Up
GO Biological Processes,19,GO:0044403,biological process involved in symbiotic interaction,19_GO:0044419 biological process involved in interspecies interaction between organisms,-3.1,16,6.5,30230,189,30,3,10,5.5,3673|3678|5818,ITGA2|ITGA5|NECTIN1,-0.44,Up
Canonical Pathways,11,M3008,NABA ECM GLYCOPROTEINS,,-3,15,6.4,30230,196,30,3,10,5.5,2192|3484|3489,FBLN1|IGFBP1|IGFBP6,-0.41,Up
GO Biological Processes,19,GO:0048667,cell morphogenesis involved in neuron differentiation,19_GO:0032502 developmental process,-3,9,5.4,30230,449,30,4,13,6.2,104|3251|5818|64218,ADARB1|HPRT1|NECTIN1|SEMA4A,-0.41,Up
GO Biological Processes,19,GO:0009611,response to wounding,19_GO:0050896 response to stimulus,-3,8.8,5.3,30230,460,30,4,13,6.2,2192|3673|3678|27299,FBLN1|ITGA2|ITGA5|ADAMDEC1,-0.38,Up
GO Biological Processes,19,GO:0021953,central nervous system neuron differentiation,19_GO:0032502 developmental process,-2.9,14,6.1,30230,212,30,3,10,5.5,104|3251|7314,ADARB1|HPRT1|UBB,-0.33,Up
GO Biological Processes,19,GO:0002366,leukocyte activation involved in immune response,19_GO:0002376 immune system process,-2.8,13,5.9,30230,225,30,3,10,5.5,1015|1113|64218,CDH17|CHGA|SEMA4A,-0.26,Up
GO Biological Processes,19,GO:0002263,cell activation involved in immune response,19_GO:0002376 immune system process,-2.8,13,5.8,30230,229,30,3,10,5.5,1015|1113|64218,CDH17|CHGA|SEMA4A,-0.25,Up
KEGG Pathway,24,hsa04810,Regulation of actin cytoskeleton,,-2.8,13,5.8,30230,232,30,3,10,5.5,730|3673|3678,C7|ITGA2|ITGA5,-0.24,Up
KEGG Pathway,24,hsa04820,Cytoskeleton in muscle cells,,-2.8,13,5.8,30230,233,30,3,10,5.5,2192|3673|3678,FBLN1|ITGA2|ITGA5,-0.24,Up
GO Biological Processes,19,GO:0044089,positive regulation of cellular component biogenesis,19_GO:0048518 positive regulation of biological process,-2.8,7.8,4.9,30230,517,30,4,13,6.2,335|1015|1113|64218,APOA1|CDH17|CHGA|SEMA4A,-0.24,Up
GO Biological Processes,19,GO:0002449,lymphocyte mediated immunity,19_GO:0002376 immune system process,-2.8,13,5.7,30230,237,30,3,10,5.5,730|3251|28400,C7|HPRT1|IGHV4-28,-0.24,Up
Reactome Gene Sets,6,R-HSA-418990,Adherens junctions interactions,,-2.8,13,5.7,30230,240,30,3,10,5.5,1015|5818|7314,CDH17|NECTIN1|UBB,-0.23,Up
Reactome Gene Sets,6,R-HSA-9006934,Signaling by Receptor Tyrosine Kinases,,-2.7,7.6,4.8,30230,531,30,4,13,6.2,3673|5802|7314|10048,ITGA2|PTPRS|UBB|RANBP9,-0.21,Up
WikiPathways,27,WP5115,Network map of SARS CoV 2 signaling,,-2.7,12,5.5,30230,254,30,3,10,5.5,335|341|7018,APOA1|APOC1|TF,-0.17,Up
GO Biological Processes,19,GO:0016032,viral process,19_GO:0016032 viral process,-2.6,11,5.4,30230,266,30,3,10,5.5,3673|3678|5818,ITGA2|ITGA5|NECTIN1,-0.12,Up
GO Biological Processes,19,GO:0060627,regulation of vesicle-mediated transport,19_GO:0051179 localization,-2.6,7,4.6,30230,576,30,4,13,6.2,335|341|3673|7018,APOA1|APOC1|ITGA2|TF,-0.11,Up
Reactome Gene Sets,6,R-HSA-421270,Cell-cell junction organization,,-2.6,11,5.3,30230,272,30,3,10,5.5,1015|5818|7314,CDH17|NECTIN1|UBB,-0.11,Up
GO Biological Processes,19,GO:0051174,regulation of phosphorus metabolic process,19_GO:0050789 regulation of biological process,-2.6,6.9,4.5,30230,587,30,4,13,6.2,104|341|2192|5919,ADARB1|APOC1|FBLN1|RARRES2,-0.089,Up
GO Biological Processes,19,GO:0071375,cellular response to peptide hormone stimulus,19_GO:0050896 response to stimulus,-2.6,11,5.2,30230,280,30,3,10,5.5,1393|3484|5919,CRHBP|IGFBP1|RARRES2,-0.084,Up
GO Biological Processes,19,GO:1901888,regulation of cell junction assembly,19_GO:0050789 regulation of biological process,-2.6,11,5.1,30230,284,30,3,10,5.5,5802|5818|64218,PTPRS|NECTIN1|SEMA4A,-0.076,Up
GO Biological Processes,19,GO:0030335,positive regulation of cell migration,19_GO:0040011 locomotion,-2.6,6.7,4.5,30230,599,30,4,13,6.2,2192|3673|5919|64218,FBLN1|ITGA2|RARRES2|SEMA4A,-0.076,Up
GO Biological Processes,19,GO:0044057,regulation of system process,19_GO:0032501 multicellular organismal process,-2.5,6.7,4.4,30230,606,30,4,13,6.2,335|1113|1393|3673,APOA1|CHGA|CRHBP|ITGA2,-0.066,Up
GO Biological Processes,19,GO:0006959,humoral immune response,19_GO:0002376 immune system process,-2.5,10,5.1,30230,291,30,3,10,5.5,730|5919|7018,C7|RARRES2|TF,-0.066,Up
GO Biological Processes,19,GO:0034329,cell junction assembly,19_GO:0009987 cellular process,-2.5,10,5.1,30230,291,30,3,10,5.5,1015|3673|3678,CDH17|ITGA2|ITGA5,-0.066,Up
GO Biological Processes,19,GO:0006954,inflammatory response,19_GO:0050896 response to stimulus,-2.5,6.5,4.4,30230,617,30,4,13,6.2,1393|5004|5919|27299,CRHBP|ORM1|RARRES2|ADAMDEC1,-0.053,Up
Reactome Gene Sets,6,R-HSA-446728,Cell junction organization,,-2.5,10,5,30230,298,30,3,10,5.5,1015|5818|7314,CDH17|NECTIN1|UBB,-0.049,Up
GO Biological Processes,19,GO:2000147,positive regulation of cell motility,19_GO:0040011 locomotion,-2.5,6.4,4.3,30230,627,30,4,13,6.2,2192|3673|5919|64218,FBLN1|ITGA2|RARRES2|SEMA4A,-0.044,Up
KEGG Pathway,24,hsa04517,IgSF CAM signaling,,-2.5,10,5,30230,302,30,3,10,5.5,3678|5802|5818,ITGA5|PTPRS|NECTIN1,-0.044,Up
GO Biological Processes,19,GO:0045321,leukocyte activation,19_GO:0002376 immune system process,-2.5,6.3,4.3,30230,637,30,4,13,6.2,1015|1113|3251|64218,CDH17|CHGA|HPRT1|SEMA4A,-0.026,Up
GO Biological Processes,19,GO:0040017,positive regulation of locomotion,19_GO:0040011 locomotion,-2.4,6.3,4.3,30230,644,30,4,13,6.2,2192|3673|5919|64218,FBLN1|ITGA2|RARRES2|SEMA4A,-0.014,Up
GO Biological Processes,19,GO:0031399,regulation of protein modification process,19_GO:0050789 regulation of biological process,-2.4,6.1,4.2,30230,656,30,4,13,6.2,104|2192|5919|7314,ADARB1|FBLN1|RARRES2|UBB,0,Up
GO Biological Processes,19,GO:0007610,behavior,19_GO:0032501 multicellular organismal process,-2.4,6.1,4.2,30230,659,30,4,13,6.2,104|1393|3251|3678,ADARB1|CRHBP|HPRT1|ITGA5,0,Up
GO Biological Processes,19,GO:0050807,regulation of synapse organization,19_GO:0050789 regulation of biological process,-2.4,9.3,4.8,30230,324,30,3,10,5.5,5802|5818|64218,PTPRS|NECTIN1|SEMA4A,0,Up
GO Biological Processes,19,GO:0050803,regulation of synapse structure or activity,19_GO:0065007 biological regulation,-2.4,9.2,4.7,30230,330,30,3,10,5.5,5802|5818|64218,PTPRS|NECTIN1|SEMA4A,0,Up
GO Biological Processes,19,GO:0007162,negative regulation of cell adhesion,19_GO:0048519 negative regulation of biological process,-2.4,9.1,4.7,30230,331,30,3,10,5.5,335|2192|27299,APOA1|FBLN1|ADAMDEC1,0,Up
Reactome Gene Sets,6,R-HSA-1500931,Cell-Cell communication,,-2.4,9.1,4.7,30230,334,30,3,10,5.5,1015|5818|7314,CDH17|NECTIN1|UBB,0,Up
Reactome Gene Sets,6,R-HSA-382551,Transport of small molecules,,-2.3,5.6,4,30230,716,30,4,13,6.2,335|341|7018|7314,APOA1|APOC1|TF|UBB,0,Up
GO Biological Processes,19,GO:0019216,regulation of lipid metabolic process,19_GO:0050789 regulation of biological process,-2.3,8.4,4.4,30230,362,30,3,10,5.5,335|341|5919,APOA1|APOC1|RARRES2,0,Up
GO Biological Processes,19,GO:0007409,axonogenesis,19_GO:0032502 developmental process,-2.2,8.2,4.4,30230,369,30,3,10,5.5,104|5818|64218,ADARB1|NECTIN1|SEMA4A,0,Up
GO Biological Processes,19,GO:0009617,response to bacterium,19_GO:0044419 biological process involved in interspecies interaction between organisms,-2.2,5.5,3.9,30230,737,30,4,13,6.2,1113|5544|5919|7018,CHGA|PRB3|RARRES2|TF,0,Up
GO Biological Processes,19,GO:0001775,cell activation,19_GO:0032501 multicellular organismal process,-2.2,5.2,3.8,30230,769,30,4,13,6.2,1015|1113|3251|64218,CDH17|CHGA|HPRT1|SEMA4A,0,Up
GO Biological Processes,19,GO:0001932,regulation of protein phosphorylation,19_GO:0050789 regulation of biological process,-2.2,7.7,4.2,30230,392,30,3,10,5.5,104|2192|5919,ADARB1|FBLN1|RARRES2,0,Up
GO Biological Processes,19,GO:0043434,response to peptide hormone,19_GO:0050896 response to stimulus,-2.1,7.4,4.1,30230,407,30,3,10,5.5,1393|3484|5919,CRHBP|IGFBP1|RARRES2,0,Up
GO Biological Processes,19,GO:0030900,forebrain development,19_GO:0032502 developmental process,-2.1,7.3,4.1,30230,414,30,3,10,5.5,3251|5802|7314,HPRT1|PTPRS|UBB,0,Up
GO Biological Processes,19,GO:0061564,axon development,19_GO:0032502 developmental process,-2.1,7,4,30230,429,30,3,10,5.5,104|5818|64218,ADARB1|NECTIN1|SEMA4A,0,Up
GO Biological Processes,19,GO:0042325,regulation of phosphorylation,19_GO:0050789 regulation of biological process,-2,6.9,3.9,30230,437,30,3,10,5.5,104|2192|5919,ADARB1|FBLN1|RARRES2,0,Up
GO Biological Processes,19,GO:0002521,leukocyte differentiation,19_GO:0032502 developmental process,-2,6.8,3.9,30230,442,30,3,10,5.5,1015|7018|64218,CDH17|TF|SEMA4A,0,Up
GO Biological Processes,19,GO:0099537,trans-synaptic signaling,19_GO:0050789 regulation of biological process,-2,6.7,3.8,30230,452,30,3,10,5.5,104|1393|5802,ADARB1|CRHBP|PTPRS,0,Up
CORUM,33,CORUM:192,PA28-20S proteasome,,-19,2.10E+02,43,30284,16,81,9,11,3.5,5682|5684|5687|5690|5691|5692|5694|5695|5721,PSMA1|PSMA3|PSMA6|PSMB2|PSMB3|PSMB4|PSMB6|PSMB7|PSME2,-15,Down
KEGG Pathway,24,hsa03050,Proteasome,,-19,89,31,30284,46,81,11,14,3.8,5682|5684|5687|5690|5691|5692|5694|5695|5696|5699|5721,PSMA1|PSMA3|PSMA6|PSMB2|PSMB3|PSMB4|PSMB6|PSMB7|PSMB8|PSMB10|PSME2,-14,Down
CORUM,33,CORUM:191,20S proteasome,,-17,2.10E+02,41,30284,14,81,8,9.9,3.3,5682|5684|5687|5690|5691|5692|5694|5695,PSMA1|PSMA3|PSMA6|PSMB2|PSMB3|PSMB4|PSMB6|PSMB7,-13,Down
WikiPathways,27,WP183,Proteasome degradation,,-17,66,27,30284,62,81,11,14,3.8,5682|5684|5687|5690|5691|5692|5694|5695|5696|5699|5721,PSMA1|PSMA3|PSMA6|PSMB2|PSMB3|PSMB4|PSMB6|PSMB7|PSMB8|PSMB10|PSME2,-13,Down
CORUM,33,CORUM:194,PA28gamma-20S proteasome,,-17,2.00E+02,40,30284,15,81,8,9.9,3.3,5682|5684|5687|5690|5691|5692|5694|5695,PSMA1|PSMA3|PSMA6|PSMB2|PSMB3|PSMB4|PSMB6|PSMB7,-13,Down
CORUM,33,CORUM:193,PA700-20S-PA28 complex,,-15,93,29,30284,36,81,9,11,3.5,5682|5684|5687|5690|5691|5692|5694|5695|5721,PSMA1|PSMA3|PSMA6|PSMB2|PSMB3|PSMB4|PSMB6|PSMB7|PSME2,-12,Down
CORUM,33,CORUM:181,26S proteasome,,-15,1.40E+02,33,30284,22,81,8,9.9,3.3,5682|5684|5687|5690|5691|5692|5694|5695,PSMA1|PSMA3|PSMA6|PSMB2|PSMB3|PSMB4|PSMB6|PSMB7,-12,Down
Reactome Gene Sets,6,R-HSA-9907900,Proteasome assembly,,-12,65,23,30284,46,81,8,9.9,3.3,5687|5690|5691|5692|5694|5695|5699|5721,PSMA6|PSMB2|PSMB3|PSMB4|PSMB6|PSMB7|PSMB10|PSME2,-8.9,Down
Reactome Gene Sets,6,R-HSA-5358346,Hedgehog ligand biogenesis,,-12,64,22,30284,47,81,8,9.9,3.3,5034|5687|5690|5691|5692|5694|5695|7415,P4HB|PSMA6|PSMB2|PSMB3|PSMB4|PSMB6|PSMB7|VCP,-8.9,Down
Reactome Gene Sets,6,R-HSA-450408,AUF1 (hnRNP D0) binds and destabilizes mRNA,,-11,71,22,30284,37,81,7,8.6,3.1,3312|5687|5690|5691|5692|5694|5695,HSPA8|PSMA6|PSMB2|PSMB3|PSMB4|PSMB6|PSMB7,-7.8,Down
Reactome Gene Sets,6,R-HSA-5362768,Hh mutants are degraded by ERAD,,-11,69,22,30284,38,81,7,8.6,3.1,5687|5690|5691|5692|5694|5695|7415,PSMA6|PSMB2|PSMB3|PSMB4|PSMB6|PSMB7|VCP,-7.8,Down
Reactome Gene Sets,6,R-HSA-5387390,Hh mutants abrogate ligand secretion,,-11,64,21,30284,41,81,7,8.6,3.1,5687|5690|5691|5692|5694|5695|7415,PSMA6|PSMB2|PSMB3|PSMB4|PSMB6|PSMB7|VCP,-7.6,Down
GO Biological Processes,19,GO:0043161,proteasome-mediated ubiquitin-dependent protein catabolic process,19_GO:0009987 cellular process,-11,13,12,30284,365,81,13,16,4.1,5682|5684|5687|5690|5691|5692|5694|5695|5696|5699|7334|7415|131405,PSMA1|PSMA3|PSMA6|PSMB2|PSMB3|PSMB4|PSMB6|PSMB7|PSMB8|PSMB10|UBE2N|VCP|TRIM71,-7.6,Down
GO Biological Processes,19,GO:0010498,proteasomal protein catabolic process,19_GO:0009987 cellular process,-11,12,12,30284,454,81,14,17,4.2,5682|5684|5687|5690|5691|5692|5694|5695|5696|5699|7184|7334|7415|131405,PSMA1|PSMA3|PSMA6|PSMB2|PSMB3|PSMB4|PSMB6|PSMB7|PSMB8|PSMB10|HSP90B1|UBE2N|VCP|TRIM71,-7.6,Down
Reactome Gene Sets,6,R-HSA-5678895,Defective CFTR causes cystic fibrosis,,-11,61,20,30284,43,81,7,8.6,3.1,5687|5690|5691|5692|5694|5695|7415,PSMA6|PSMB2|PSMB3|PSMB4|PSMB6|PSMB7|VCP,-7.5,Down
GO Biological Processes,19,GO:0030163,protein catabolic process,19_GO:0009987 cellular process,-11,8.1,10,30284,786,81,17,21,4.5,3312|5682|5684|5687|5690|5691|5692|5694|5695|5696|5699|7184|7334|7415|10015|29952|131405,HSPA8|PSMA1|PSMA3|PSMA6|PSMB2|PSMB3|PSMB4|PSMB6|PSMB7|PSMB8|PSMB10|HSP90B1|UBE2N|VCP|PDCD6IP|DPP7|TRIM71,-7.5,Down
Reactome Gene Sets,6,R-HSA-9711123,Cellular response to chemical stress,,-10,22,14,30284,171,81,10,12,3.7,1950|5034|5687|5690|5691|5692|5694|5695|7415|25824,EGF|P4HB|PSMA6|PSMB2|PSMB3|PSMB4|PSMB6|PSMB7|VCP|PRDX5,-7.4,Down
Reactome Gene Sets,6,R-HSA-2871837,FCERI mediated NF-kB activation,,-10,53,19,30284,49,81,7,8.6,3.1,5687|5690|5691|5692|5694|5695|7334,PSMA6|PSMB2|PSMB3|PSMB4|PSMB6|PSMB7|UBE2N,-7.1,Down
Reactome Gene Sets,6,R-HSA-9755511,KEAP1-NFE2L2 pathway,,-9.8,32,15,30284,94,81,8,9.9,3.3,1950|5687|5690|5691|5692|5694|5695|7415,EGF|PSMA6|PSMB2|PSMB3|PSMB4|PSMB6|PSMB7|VCP,-6.7,Down
Reactome Gene Sets,6,R-HSA-1236978,Cross-presentation of soluble exogenous antigens (endosomes),,-9.7,72,21,30284,31,81,6,7.4,2.9,5687|5690|5691|5692|5694|5695,PSMA6|PSMB2|PSMB3|PSMB4|PSMB6|PSMB7,-6.7,Down
GO Biological Processes,19,GO:0051603,proteolysis involved in protein catabolic process,19_GO:0009987 cellular process,-9.6,8.4,10,30284,666,81,15,19,4.3,5682|5684|5687|5690|5691|5692|5694|5695|5696|5699|7184|7334|7415|10015|131405,PSMA1|PSMA3|PSMA6|PSMB2|PSMB3|PSMB4|PSMB6|PSMB7|PSMB8|PSMB10|HSP90B1|UBE2N|VCP|PDCD6IP|TRIM71,-6.7,Down
Reactome Gene Sets,6,R-HSA-5619084,ABC transporter disorders,,-9.6,44,17,30284,60,81,7,8.6,3.1,5687|5690|5691|5692|5694|5695|7415,PSMA6|PSMB2|PSMB3|PSMB4|PSMB6|PSMB7|VCP,-6.7,Down
Reactome Gene Sets,6,R-HSA-211733,Regulation of activated PAK-2p34 by proteasome mediated degradation,,-9.6,70,20,30284,32,81,6,7.4,2.9,5687|5690|5691|5692|5694|5695,PSMA6|PSMB2|PSMB3|PSMB4|PSMB6|PSMB7,-6.7,Down
Reactome Gene Sets,6,R-HSA-350562,Regulation of ornithine decarboxylase (ODC),,-9.6,70,20,30284,32,81,6,7.4,2.9,5687|5690|5691|5692|5694|5695,PSMA6|PSMB2|PSMB3|PSMB4|PSMB6|PSMB7,-6.7,Down
Reactome Gene Sets,6,R-HSA-180534,Vpu mediated degradation of CD4,,-9.6,70,20,30284,32,81,6,7.4,2.9,5687|5690|5691|5692|5694|5695,PSMA6|PSMB2|PSMB3|PSMB4|PSMB6|PSMB7,-6.7,Down
Reactome Gene Sets,6,R-HSA-349425,Autodegradation of the E3 ubiquitin ligase COP1,,-9.6,70,20,30284,32,81,6,7.4,2.9,5687|5690|5691|5692|5694|5695,PSMA6|PSMB2|PSMB3|PSMB4|PSMB6|PSMB7,-6.7,Down
Reactome Gene Sets,6,R-HSA-75815,Ubiquitin-dependent degradation of Cyclin D,,-9.5,68,20,30284,33,81,6,7.4,2.9,5687|5690|5691|5692|5694|5695,PSMA6|PSMB2|PSMB3|PSMB4|PSMB6|PSMB7,-6.6,Down
Reactome Gene Sets,6,R-HSA-450531,Regulation of mRNA stability by proteins that bind AU-rich elements,,-9.4,42,17,30284,63,81,7,8.6,3.1,3312|5687|5690|5691|5692|5694|5695,HSPA8|PSMA6|PSMB2|PSMB3|PSMB4|PSMB6|PSMB7,-6.6,Down
Reactome Gene Sets,6,R-HSA-180585,Vif-mediated degradation of APOBEC3G,,-9.4,66,20,30284,34,81,6,7.4,2.9,5687|5690|5691|5692|5694|5695,PSMA6|PSMB2|PSMB3|PSMB4|PSMB6|PSMB7,-6.6,Down
Reactome Gene Sets,6,R-HSA-69601,Ubiquitin Mediated Degradation of Phosphorylated Cdc25A,,-9.4,66,20,30284,34,81,6,7.4,2.9,5687|5690|5691|5692|5694|5695,PSMA6|PSMB2|PSMB3|PSMB4|PSMB6|PSMB7,-6.6,Down
Reactome Gene Sets,6,R-HSA-69613,p53-Independent G1/S DNA damage checkpoint,,-9.4,66,20,30284,34,81,6,7.4,2.9,5687|5690|5691|5692|5694|5695,PSMA6|PSMB2|PSMB3|PSMB4|PSMB6|PSMB7,-6.6,Down
Reactome Gene Sets,6,R-HSA-9762114,GSK3B and BTRC:CUL1-mediated-degradation of NFE2L2,,-9.4,66,20,30284,34,81,6,7.4,2.9,5687|5690|5691|5692|5694|5695,PSMA6|PSMB2|PSMB3|PSMB4|PSMB6|PSMB7,-6.6,Down
Reactome Gene Sets,6,R-HSA-69610,p53-Independent DNA Damage Response,,-9.4,66,20,30284,34,81,6,7.4,2.9,5687|5690|5691|5692|5694|5695,PSMA6|PSMB2|PSMB3|PSMB4|PSMB6|PSMB7,-6.6,Down
Reactome Gene Sets,6,R-HSA-202424,Downstream TCR signaling,,-9.4,41,17,30284,64,81,7,8.6,3.1,5687|5690|5691|5692|5694|5695|7334,PSMA6|PSMB2|PSMB3|PSMB4|PSMB6|PSMB7|UBE2N,-6.6,Down
Reactome Gene Sets,6,R-HSA-5607764,CLEC7A (Dectin-1) signaling,,-9.4,41,17,30284,64,81,7,8.6,3.1,5687|5690|5691|5692|5694|5695|7334,PSMA6|PSMB2|PSMB3|PSMB4|PSMB6|PSMB7|UBE2N,-6.6,Down
Reactome Gene Sets,6,R-HSA-449147,Signaling by Interleukins,,-9.4,12,11,30284,381,81,12,15,3.9,3312|4478|5034|5687|5690|5691|5692|5694|5695|5721|7184|7334,HSPA8|MSN|P4HB|PSMA6|PSMB2|PSMB3|PSMB4|PSMB6|PSMB7|PSME2|HSP90B1|UBE2N,-6.6,Down
Reactome Gene Sets,6,R-HSA-4641257,Degradation of AXIN,,-9.3,64,19,30284,35,81,6,7.4,2.9,5687|5690|5691|5692|5694|5695,PSMA6|PSMB2|PSMB3|PSMB4|PSMB6|PSMB7,-6.6,Down
Reactome Gene Sets,6,R-HSA-174113,SCF-beta-TrCP mediated degradation of Emi1,,-9.3,64,19,30284,35,81,6,7.4,2.9,5687|5690|5691|5692|5694|5695,PSMA6|PSMB2|PSMB3|PSMB4|PSMB6|PSMB7,-6.6,Down
Reactome Gene Sets,6,R-HSA-5610780,Degradation of GLI1 by the proteasome,,-9.3,64,19,30284,35,81,6,7.4,2.9,5687|5690|5691|5692|5694|5695,PSMA6|PSMB2|PSMB3|PSMB4|PSMB6|PSMB7,-6.6,Down
Reactome Gene Sets,6,R-HSA-169911,Regulation of Apoptosis,,-9.3,64,19,30284,35,81,6,7.4,2.9,5687|5690|5691|5692|5694|5695,PSMA6|PSMB2|PSMB3|PSMB4|PSMB6|PSMB7,-6.6,Down
KEGG Pathway,24,hsa05022,Pathways of neurodegeneration - multiple diseases,,-9.3,10,10,30284,483,81,13,16,4.1,351|823|5682|5684|5687|5690|5691|5692|5694|5695|5879|7415|10133,APP|CAPN1|PSMA1|PSMA3|PSMA6|PSMB2|PSMB3|PSMB4|PSMB6|PSMB7|RAC1|VCP|OPTN,-6.6,Down
Reactome Gene Sets,6,R-HSA-5610783,Degradation of GLI2 by the proteasome,,-9.3,62,19,30284,36,81,6,7.4,2.9,5687|5690|5691|5692|5694|5695,PSMA6|PSMB2|PSMB3|PSMB4|PSMB6|PSMB7,-6.6,Down
Reactome Gene Sets,6,R-HSA-8854050,FBXL7 down-regulates AURKA during mitotic entry and in early mitosis,,-9.3,62,19,30284,36,81,6,7.4,2.9,5687|5690|5691|5692|5694|5695,PSMA6|PSMB2|PSMB3|PSMB4|PSMB6|PSMB7,-6.6,Down
Reactome Gene Sets,6,R-HSA-5610785,GLI3 is processed to GLI3R by the proteasome,,-9.3,62,19,30284,36,81,6,7.4,2.9,5687|5690|5691|5692|5694|5695,PSMA6|PSMB2|PSMB3|PSMB4|PSMB6|PSMB7,-6.6,Down
Reactome Gene Sets,6,R-HSA-1236974,ER-Phagosome pathway,,-9.2,39,16,30284,67,81,7,8.6,3.1,2923|5687|5690|5691|5692|5694|5695,PDIA3|PSMA6|PSMB2|PSMB3|PSMB4|PSMB6|PSMB7,-6.6,Down
Reactome Gene Sets,6,R-HSA-69541,Stabilization of p53,,-9.2,61,19,30284,37,81,6,7.4,2.9,5687|5690|5691|5692|5694|5695,PSMA6|PSMB2|PSMB3|PSMB4|PSMB6|PSMB7,-6.5,Down
Reactome Gene Sets,6,R-HSA-8941858,Regulation of RUNX3 expression and activity,,-9.2,61,19,30284,37,81,6,7.4,2.9,5687|5690|5691|5692|5694|5695,PSMA6|PSMB2|PSMB3|PSMB4|PSMB6|PSMB7,-6.5,Down
Reactome Gene Sets,6,R-HSA-4641258,Degradation of DVL,,-9.2,61,19,30284,37,81,6,7.4,2.9,5687|5690|5691|5692|5694|5695,PSMA6|PSMB2|PSMB3|PSMB4|PSMB6|PSMB7,-6.5,Down
Reactome Gene Sets,6,R-HSA-5607761,Dectin-1 mediated noncanonical NF-kB signaling,,-9.1,59,19,30284,38,81,6,7.4,2.9,5687|5690|5691|5692|5694|5695,PSMA6|PSMB2|PSMB3|PSMB4|PSMB6|PSMB7,-6.5,Down
Reactome Gene Sets,6,R-HSA-9604323,Negative regulation of NOTCH4 signaling,,-9.1,59,19,30284,38,81,6,7.4,2.9,5687|5690|5691|5692|5694|5695,PSMA6|PSMB2|PSMB3|PSMB4|PSMB6|PSMB7,-6.5,Down
Reactome Gene Sets,6,R-HSA-5676590,NIK-->noncanonical NF-kB signaling,,-9.1,59,19,30284,38,81,6,7.4,2.9,5687|5690|5691|5692|5694|5695,PSMA6|PSMB2|PSMB3|PSMB4|PSMB6|PSMB7,-6.5,Down
Reactome Gene Sets,6,R-HSA-5358351,Signaling by Hedgehog,,-9.1,26,14,30284,115,81,8,9.9,3.3,5034|5687|5690|5691|5692|5694|5695|7415,P4HB|PSMA6|PSMB2|PSMB3|PSMB4|PSMB6|PSMB7|VCP,-6.4,Down
Reactome Gene Sets,6,R-HSA-9824272,Somitogenesis,,-9,58,18,30284,39,81,6,7.4,2.9,5687|5690|5691|5692|5694|5695,PSMA6|PSMB2|PSMB3|PSMB4|PSMB6|PSMB7,-6.4,Down
Reactome Gene Sets,6,R-HSA-1169091,Activation of NF-kappaB in B cells,,-9,58,18,30284,39,81,6,7.4,2.9,5687|5690|5691|5692|5694|5695,PSMA6|PSMB2|PSMB3|PSMB4|PSMB6|PSMB7,-6.4,Down
Reactome Gene Sets,6,R-HSA-9759194,Nuclear events mediated by NFE2L2,,-9,36,16,30284,72,81,7,8.6,3.1,1950|5687|5690|5691|5692|5694|5695,EGF|PSMA6|PSMB2|PSMB3|PSMB4|PSMB6|PSMB7,-6.4,Down
Reactome Gene Sets,6,R-HSA-983705,Signaling by the B Cell Receptor (BCR),,-9,36,15,30284,73,81,7,8.6,3.1,5687|5690|5691|5692|5694|5695|27071,PSMA6|PSMB2|PSMB3|PSMB4|PSMB6|PSMB7|DAPP1,-6.4,Down
Reactome Gene Sets,6,R-HSA-351202,Metabolism of polyamines,,-9,56,18,30284,40,81,6,7.4,2.9,5687|5690|5691|5692|5694|5695,PSMA6|PSMB2|PSMB3|PSMB4|PSMB6|PSMB7,-6.4,Down
Reactome Gene Sets,6,R-HSA-187577,SCF(Skp2)-mediated degradation of p27/p21,,-8.8,52,17,30284,43,81,6,7.4,2.9,5687|5690|5691|5692|5694|5695,PSMA6|PSMB2|PSMB3|PSMB4|PSMB6|PSMB7,-6.2,Down
Reactome Gene Sets,6,R-HSA-4608870,Asymmetric localization of PCP proteins,,-8.7,51,17,30284,44,81,6,7.4,2.9,5687|5690|5691|5692|5694|5695,PSMA6|PSMB2|PSMB3|PSMB4|PSMB6|PSMB7,-6.1,Down
Reactome Gene Sets,6,R-HSA-1234176,Oxygen-dependent proline hydroxylation of Hypoxia-inducible Factor Alpha,,-8.7,51,17,30284,44,81,6,7.4,2.9,5687|5690|5691|5692|5694|5695,PSMA6|PSMB2|PSMB3|PSMB4|PSMB6|PSMB7,-6.1,Down
Reactome Gene Sets,6,R-HSA-9020702,Interleukin-1 signaling,,-8.7,32,15,30284,81,81,7,8.6,3.1,5687|5690|5691|5692|5694|5695|7334,PSMA6|PSMB2|PSMB3|PSMB4|PSMB6|PSMB7|UBE2N,-6.1,Down
Reactome Gene Sets,6,R-HSA-1236975,Antigen processing-Cross presentation,,-8.7,32,15,30284,81,81,7,8.6,3.1,2923|5687|5690|5691|5692|5694|5695,PDIA3|PSMA6|PSMB2|PSMB3|PSMB4|PSMB6|PSMB7,-6.1,Down
WikiPathways,27,WP5124,Alzheimer 39 s disease,,-8.6,14,11,30284,263,81,10,12,3.7,351|823|5682|5684|5687|5690|5691|5692|5694|5695,APP|CAPN1|PSMA1|PSMA3|PSMA6|PSMB2|PSMB3|PSMB4|PSMB6|PSMB7,-6.1,Down
GO Biological Processes,19,GO:0006511,ubiquitin-dependent protein catabolic process,19_GO:0009987 cellular process,-8.6,8.9,9.6,30284,546,81,13,16,4.1,5682|5684|5687|5690|5691|5692|5694|5695|5696|5699|7334|7415|131405,PSMA1|PSMA3|PSMA6|PSMB2|PSMB3|PSMB4|PSMB6|PSMB7|PSMB8|PSMB10|UBE2N|VCP|TRIM71,-6.1,Down
Reactome Gene Sets,6,R-HSA-69580,p53-Dependent G1/S DNA damage checkpoint,,-8.6,49,17,30284,46,81,6,7.4,2.9,5687|5690|5691|5692|5694|5695,PSMA6|PSMB2|PSMB3|PSMB4|PSMB6|PSMB7,-6.1,Down
Reactome Gene Sets,6,R-HSA-69563,p53-Dependent G1 DNA Damage Response,,-8.6,49,17,30284,46,81,6,7.4,2.9,5687|5690|5691|5692|5694|5695,PSMA6|PSMB2|PSMB3|PSMB4|PSMB6|PSMB7,-6.1,Down
Reactome Gene Sets,6,R-HSA-8948751,Regulation of PTEN stability and activity,,-8.6,49,17,30284,46,81,6,7.4,2.9,5687|5690|5691|5692|5694|5695,PSMA6|PSMB2|PSMB3|PSMB4|PSMB6|PSMB7,-6.1,Down
Reactome Gene Sets,6,R-HSA-8939902,Regulation of RUNX2 expression and activity,,-8.6,49,17,30284,46,81,6,7.4,2.9,5687|5690|5691|5692|5694|5695,PSMA6|PSMB2|PSMB3|PSMB4|PSMB6|PSMB7,-6.1,Down
Reactome Gene Sets,6,R-HSA-174084,Autodegradation of Cdh1 by Cdh1:APC/C,,-8.6,49,17,30284,46,81,6,7.4,2.9,5687|5690|5691|5692|5694|5695,PSMA6|PSMB2|PSMB3|PSMB4|PSMB6|PSMB7,-6.1,Down
Reactome Gene Sets,6,R-HSA-202403,TCR signaling,,-8.6,32,14,30284,83,81,7,8.6,3.1,5687|5690|5691|5692|5694|5695|7334,PSMA6|PSMB2|PSMB3|PSMB4|PSMB6|PSMB7|UBE2N,-6.1,Down
WikiPathways,27,WP2059,Alzheimer 39 s disease and miRNA effects,,-8.6,14,11,30284,268,81,10,12,3.7,351|823|5682|5684|5687|5690|5691|5692|5694|5695,APP|CAPN1|PSMA1|PSMA3|PSMA6|PSMB2|PSMB3|PSMB4|PSMB6|PSMB7,-6.1,Down
GO Biological Processes,19,GO:0019941,modification-dependent protein catabolic process,19_GO:0009987 cellular process,-8.5,8.7,9.5,30284,557,81,13,16,4.1,5682|5684|5687|5690|5691|5692|5694|5695|5696|5699|7334|7415|131405,PSMA1|PSMA3|PSMA6|PSMB2|PSMB3|PSMB4|PSMB6|PSMB7|PSMB8|PSMB10|UBE2N|VCP|TRIM71,-6.1,Down
Reactome Gene Sets,6,R-HSA-174154,APC/C:Cdc20 mediated degradation of Securin,,-8.5,48,17,30284,47,81,6,7.4,2.9,5687|5690|5691|5692|5694|5695,PSMA6|PSMB2|PSMB3|PSMB4|PSMB6|PSMB7,-6,Down
Reactome Gene Sets,6,R-HSA-382556,ABC-family proteins mediated transport,,-8.5,31,14,30284,85,81,7,8.6,3.1,5687|5690|5691|5692|5694|5695|7415,PSMA6|PSMB2|PSMB3|PSMB4|PSMB6|PSMB7|VCP,-6,Down
Reactome Gene Sets,6,R-HSA-2454202,Fc epsilon receptor (FCERI) signaling,,-8.5,31,14,30284,85,81,7,8.6,3.1,5687|5690|5691|5692|5694|5695|7334,PSMA6|PSMB2|PSMB3|PSMB4|PSMB6|PSMB7|UBE2N,-6,Down
GO Biological Processes,19,GO:0043632,modification-dependent macromolecule catabolic process,19_GO:0009987 cellular process,-8.5,8.6,9.5,30284,562,81,13,16,4.1,5682|5684|5687|5690|5691|5692|5694|5695|5696|5699|7334|7415|131405,PSMA1|PSMA3|PSMA6|PSMB2|PSMB3|PSMB4|PSMB6|PSMB7|PSMB8|PSMB10|UBE2N|VCP|TRIM71,-6,Down
Reactome Gene Sets,6,R-HSA-5658442,Regulation of RAS by GAPs,,-8.5,47,16,30284,48,81,6,7.4,2.9,5687|5690|5691|5692|5694|5695,PSMA6|PSMB2|PSMB3|PSMB4|PSMB6|PSMB7,-6,Down
Reactome Gene Sets,6,R-HSA-69615,G1/S DNA Damage Checkpoints,,-8.5,47,16,30284,48,81,6,7.4,2.9,5687|5690|5691|5692|5694|5695,PSMA6|PSMB2|PSMB3|PSMB4|PSMB6|PSMB7,-6,Down
KEGG Pathway,24,hsa05020,Prion disease,,-8.4,13,11,30284,278,81,10,12,3.7,3312|5682|5684|5687|5690|5691|5692|5694|5695|5879,HSPA8|PSMA1|PSMA3|PSMA6|PSMB2|PSMB3|PSMB4|PSMB6|PSMB7|RAC1,-6,Down
Reactome Gene Sets,6,R-HSA-2262752,Cellular responses to stress,,-8.4,7.6,9.1,30284,690,81,14,17,4.2,1950|3312|3921|5034|5687|5690|5691|5692|5694|5695|7184|7415|10808|25824,EGF|HSPA8|RPSA|P4HB|PSMA6|PSMB2|PSMB3|PSMB4|PSMB6|PSMB7|HSP90B1|VCP|HSPH1|PRDX5,-6,Down
Reactome Gene Sets,6,R-HSA-68949,Orc1 removal from chromatin,,-8.4,45,16,30284,50,81,6,7.4,2.9,5687|5690|5691|5692|5694|5695,PSMA6|PSMB2|PSMB3|PSMB4|PSMB6|PSMB7,-5.9,Down
KEGG Pathway,24,hsa05014,Amyotrophic lateral sclerosis,,-8.3,11,10,30284,371,81,11,14,3.8,5682|5684|5687|5690|5691|5692|5694|5695|5879|7415|10133,PSMA1|PSMA3|PSMA6|PSMB2|PSMB3|PSMB4|PSMB6|PSMB7|RAC1|VCP|OPTN,-5.9,Down
Reactome Gene Sets,6,R-HSA-174184,Cdc20:Phospho-APC/C mediated degradation of Cyclin A,,-8.3,44,16,30284,51,81,6,7.4,2.9,5687|5690|5691|5692|5694|5695,PSMA6|PSMB2|PSMB3|PSMB4|PSMB6|PSMB7,-5.9,Down
KEGG Pathway,24,hsa05017,Spinocerebellar ataxia,,-8.3,21,12,30284,144,81,8,9.9,3.3,5682|5684|5687|5690|5691|5692|5694|5695,PSMA1|PSMA3|PSMA6|PSMB2|PSMB3|PSMB4|PSMB6|PSMB7,-5.9,Down
Reactome Gene Sets,6,R-HSA-1234174,Cellular response to hypoxia,,-8.3,43,16,30284,52,81,6,7.4,2.9,5687|5690|5691|5692|5694|5695,PSMA6|PSMB2|PSMB3|PSMB4|PSMB6|PSMB7,-5.9,Down
Reactome Gene Sets,6,R-HSA-195253,Degradation of beta-catenin by the destruction complex,,-8.3,43,16,30284,52,81,6,7.4,2.9,5687|5690|5691|5692|5694|5695,PSMA6|PSMB2|PSMB3|PSMB4|PSMB6|PSMB7,-5.9,Down
Reactome Gene Sets,6,R-HSA-9793380,Formation of paraxial mesoderm,,-8.3,43,16,30284,52,81,6,7.4,2.9,5687|5690|5691|5692|5694|5695,PSMA6|PSMB2|PSMB3|PSMB4|PSMB6|PSMB7,-5.9,Down
Reactome Gene Sets,6,R-HSA-69017,CDK-mediated phosphorylation and removal of Cdc6,,-8.3,43,16,30284,52,81,6,7.4,2.9,5687|5690|5691|5692|5694|5695,PSMA6|PSMB2|PSMB3|PSMB4|PSMB6|PSMB7,-5.9,Down
Reactome Gene Sets,6,R-HSA-174178,APC/C:Cdh1 mediated degradation of Cdc20 and other APC/C:Cdh1 targeted proteins in late mitosis/early G1,,-8.3,43,16,30284,52,81,6,7.4,2.9,5687|5690|5691|5692|5694|5695,PSMA6|PSMB2|PSMB3|PSMB4|PSMB6|PSMB7,-5.9,Down
Reactome Gene Sets,6,R-HSA-1168372,Downstream signaling events of B Cell Receptor (BCR),,-8.3,43,16,30284,52,81,6,7.4,2.9,5687|5690|5691|5692|5694|5695,PSMA6|PSMB2|PSMB3|PSMB4|PSMB6|PSMB7,-5.9,Down
Reactome Gene Sets,6,R-HSA-179419,APC:Cdc20 mediated degradation of cell cycle proteins prior to satisfation of the cell cycle checkpoint,,-8.3,43,16,30284,52,81,6,7.4,2.9,5687|5690|5691|5692|5694|5695,PSMA6|PSMB2|PSMB3|PSMB4|PSMB6|PSMB7,-5.9,Down
Reactome Gene Sets,6,R-HSA-176409,APC/C:Cdc20 mediated degradation of mitotic proteins,,-8.2,42,15,30284,54,81,6,7.4,2.9,5687|5690|5691|5692|5694|5695,PSMA6|PSMB2|PSMB3|PSMB4|PSMB6|PSMB7,-5.8,Down
Reactome Gene Sets,6,R-HSA-176814,Activation of APC/C and APC/C:Cdc20 mediated degradation of mitotic proteins,,-8.1,41,15,30284,55,81,6,7.4,2.9,5687|5690|5691|5692|5694|5695,PSMA6|PSMB2|PSMB3|PSMB4|PSMB6|PSMB7,-5.7,Down
Reactome Gene Sets,6,R-HSA-5621481,C-type lectin receptors (CLRs),,-8,26,13,30284,100,81,7,8.6,3.1,5687|5690|5691|5692|5694|5695|7334,PSMA6|PSMB2|PSMB3|PSMB4|PSMB6|PSMB7|UBE2N,-5.6,Down
Reactome Gene Sets,6,R-HSA-176408,Regulation of APC/C activators between G1/S and early anaphase,,-8,39,15,30284,57,81,6,7.4,2.9,5687|5690|5691|5692|5694|5695,PSMA6|PSMB2|PSMB3|PSMB4|PSMB6|PSMB7,-5.6,Down
Reactome Gene Sets,6,R-HSA-5632684,Hedgehog 'on' state,,-8,39,15,30284,57,81,6,7.4,2.9,5687|5690|5691|5692|5694|5695,PSMA6|PSMB2|PSMB3|PSMB4|PSMB6|PSMB7,-5.6,Down
Reactome Gene Sets,6,R-HSA-8852276,The role of GTSE1 in G2/M progression after G2 checkpoint,,-8,39,15,30284,58,81,6,7.4,2.9,5687|5690|5691|5692|5694|5695,PSMA6|PSMB2|PSMB3|PSMB4|PSMB6|PSMB7,-5.6,Down
Reactome Gene Sets,6,R-HSA-5687128,MAPK6/MAPK4 signaling,,-7.8,36,14,30284,62,81,6,7.4,2.9,5687|5690|5691|5692|5694|5695,PSMA6|PSMB2|PSMB3|PSMB4|PSMB6|PSMB7,-5.4,Down
Reactome Gene Sets,6,R-HSA-69202,Cyclin E associated events during G1/S transition,,-7.7,36,14,30284,63,81,6,7.4,2.9,5687|5690|5691|5692|5694|5695,PSMA6|PSMB2|PSMB3|PSMB4|PSMB6|PSMB7,-5.4,Down
Reactome Gene Sets,6,R-HSA-174143,APC/C-mediated degradation of cell cycle proteins,,-7.7,36,14,30284,63,81,6,7.4,2.9,5687|5690|5691|5692|5694|5695,PSMA6|PSMB2|PSMB3|PSMB4|PSMB6|PSMB7,-5.4,Down
Reactome Gene Sets,6,R-HSA-4086400,PCP/CE pathway,,-7.7,36,14,30284,63,81,6,7.4,2.9,5687|5690|5691|5692|5694|5695,PSMA6|PSMB2|PSMB3|PSMB4|PSMB6|PSMB7,-5.4,Down
Reactome Gene Sets,6,R-HSA-453276,Regulation of mitotic cell cycle,,-7.7,36,14,30284,63,81,6,7.4,2.9,5687|5690|5691|5692|5694|5695,PSMA6|PSMB2|PSMB3|PSMB4|PSMB6|PSMB7,-5.4,Down
KEGG Pathway,24,hsa04141,Protein processing in endoplasmic reticulum,,-7.7,18,11,30284,170,81,8,9.9,3.3,823|2923|3312|5034|7184|7415|10808|10961,CAPN1|PDIA3|HSPA8|P4HB|HSP90B1|VCP|HSPH1|ERP29,-5.4,Down
Reactome Gene Sets,6,R-HSA-9013694,Signaling by NOTCH4,,-7.7,35,14,30284,64,81,6,7.4,2.9,5687|5690|5691|5692|5694|5695,PSMA6|PSMB2|PSMB3|PSMB4|PSMB6|PSMB7,-5.4,Down
Reactome Gene Sets,6,R-HSA-8953897,Cellular responses to stimuli,,-7.7,6.6,8.3,30284,788,81,14,17,4.2,1950|3312|3921|5034|5687|5690|5691|5692|5694|5695|7184|7415|10808|25824,EGF|HSPA8|RPSA|P4HB|PSMA6|PSMB2|PSMB3|PSMB4|PSMB6|PSMB7|HSP90B1|VCP|HSPH1|PRDX5,-5.4,Down
Reactome Gene Sets,6,R-HSA-446652,Interleukin-1 family signaling,,-7.7,23,12,30284,112,81,7,8.6,3.1,5687|5690|5691|5692|5694|5695|7334,PSMA6|PSMB2|PSMB3|PSMB4|PSMB6|PSMB7|UBE2N,-5.3,Down
Reactome Gene Sets,6,R-HSA-69656,Cyclin A:Cdk2-associated events at S phase entry,,-7.7,35,14,30284,65,81,6,7.4,2.9,5687|5690|5691|5692|5694|5695,PSMA6|PSMB2|PSMB3|PSMB4|PSMB6|PSMB7,-5.3,Down
Reactome Gene Sets,6,R-HSA-69052,Switching of origins to a post-replicative state,,-7.5,33,14,30284,68,81,6,7.4,2.9,5687|5690|5691|5692|5694|5695,PSMA6|PSMB2|PSMB3|PSMB4|PSMB6|PSMB7,-5.2,Down
Reactome Gene Sets,6,R-HSA-8878159,Transcriptional regulation by RUNX3,,-7.5,33,14,30284,68,81,6,7.4,2.9,5687|5690|5691|5692|5694|5695,PSMA6|PSMB2|PSMB3|PSMB4|PSMB6|PSMB7,-5.2,Down
Reactome Gene Sets,6,R-HSA-5663202,Diseases of signal transduction by growth factor receptors and second messengers,,-7.4,11,9.4,30284,354,81,10,12,3.7,1950|4478|5037|5687|5690|5691|5692|5694|5695|7415,EGF|MSN|PEBP1|PSMA6|PSMB2|PSMB3|PSMB4|PSMB6|PSMB7|VCP,-5.1,Down
Reactome Gene Sets,6,R-HSA-5668541,TNFR2 non-canonical NF-kB pathway,,-7.3,31,13,30284,73,81,6,7.4,2.9,5687|5690|5691|5692|5694|5695,PSMA6|PSMB2|PSMB3|PSMB4|PSMB6|PSMB7,-5.1,Down
Reactome Gene Sets,6,R-HSA-5689603,UCH proteinases,,-7.2,29,13,30284,77,81,6,7.4,2.9,5687|5690|5691|5692|5694|5695,PSMA6|PSMB2|PSMB3|PSMB4|PSMB6|PSMB7,-4.9,Down
Reactome Gene Sets,6,R-HSA-69481,G2/M Checkpoints,,-7.2,20,11,30284,132,81,7,8.6,3.1,5687|5690|5691|5692|5694|5695|7334,PSMA6|PSMB2|PSMB3|PSMB4|PSMB6|PSMB7|UBE2N,-4.9,Down
KEGG Pathway,24,hsa05010,Alzheimer disease,,-7,9.6,8.8,30284,391,81,10,12,3.7,351|823|5682|5684|5687|5690|5691|5692|5694|5695,APP|CAPN1|PSMA1|PSMA3|PSMA6|PSMB2|PSMB3|PSMB4|PSMB6|PSMB7,-4.7,Down
Reactome Gene Sets,6,R-HSA-5610787,Hedgehog 'off' state,,-7,27,12,30284,83,81,6,7.4,2.9,5687|5690|5691|5692|5694|5695,PSMA6|PSMB2|PSMB3|PSMB4|PSMB6|PSMB7,-4.7,Down
Reactome Gene Sets,6,R-HSA-9010553,Regulation of expression of SLITs and ROBOs,,-7,19,11,30284,141,81,7,8.6,3.1,3921|5687|5690|5691|5692|5694|5695,RPSA|PSMA6|PSMB2|PSMB3|PSMB4|PSMB6|PSMB7,-4.7,Down
Reactome Gene Sets,6,R-HSA-1280218,Adaptive Immune System,,-7,7.2,8.1,30284,627,81,12,15,3.9,2923|5687|5690|5691|5692|5694|5695|7334|26153|27071|131405|340205,PDIA3|PSMA6|PSMB2|PSMB3|PSMB4|PSMB6|PSMB7|UBE2N|KIF26A|DAPP1|TRIM71|TREML1,-4.7,Down
Reactome Gene Sets,6,R-HSA-8878166,Transcriptional regulation by RUNX2,,-6.9,26,12,30284,86,81,6,7.4,2.9,5687|5690|5691|5692|5694|5695,PSMA6|PSMB2|PSMB3|PSMB4|PSMB6|PSMB7,-4.6,Down
Reactome Gene Sets,6,R-HSA-162909,Host Interactions of HIV factors,,-6.9,26,12,30284,87,81,6,7.4,2.9,5687|5690|5691|5692|5694|5695,PSMA6|PSMB2|PSMB3|PSMB4|PSMB6|PSMB7,-4.6,Down
Reactome Gene Sets,6,R-HSA-983169,Class I MHC mediated antigen processing & presentation,,-6.9,11,9.1,30284,307,81,9,11,3.5,2923|5687|5690|5691|5692|5694|5695|7334|131405,PDIA3|PSMA6|PSMB2|PSMB3|PSMB4|PSMB6|PSMB7|UBE2N|TRIM71,-4.6,Down
Reactome Gene Sets,6,R-HSA-5673001,RAF/MAP kinase cascade,,-6.8,13,9.6,30284,224,81,8,9.9,3.3,1950|5037|5687|5690|5691|5692|5694|5695,EGF|PEBP1|PSMA6|PSMB2|PSMB3|PSMB4|PSMB6|PSMB7,-4.5,Down
Reactome Gene Sets,6,R-HSA-1280215,Cytokine Signaling in Immune system,,-6.8,6.9,7.9,30284,651,81,12,15,3.9,3312|4478|5034|5687|5690|5691|5692|5694|5695|5721|7184|7334,HSPA8|MSN|P4HB|PSMA6|PSMB2|PSMB3|PSMB4|PSMB6|PSMB7|PSME2|HSP90B1|UBE2N,-4.5,Down
Reactome Gene Sets,6,R-HSA-5619115,Disorders of transmembrane transporters,,-6.8,17,10,30284,150,81,7,8.6,3.1,5687|5690|5691|5692|5694|5695|7415,PSMA6|PSMB2|PSMB3|PSMB4|PSMB6|PSMB7|VCP,-4.5,Down
Reactome Gene Sets,6,R-HSA-5684996,MAPK1/MAPK3 signaling,,-6.8,13,9.5,30284,227,81,8,9.9,3.3,1950|5037|5687|5690|5691|5692|5694|5695,EGF|PEBP1|PSMA6|PSMB2|PSMB3|PSMB4|PSMB6|PSMB7,-4.5,Down
Reactome Gene Sets,6,R-HSA-69239,Synthesis of DNA,,-6.6,23,11,30284,96,81,6,7.4,2.9,5687|5690|5691|5692|5694|5695,PSMA6|PSMB2|PSMB3|PSMB4|PSMB6|PSMB7,-4.4,Down
Reactome Gene Sets,6,R-HSA-109581,Apoptosis,,-6.6,23,11,30284,97,81,6,7.4,2.9,5687|5690|5691|5692|5694|5695,PSMA6|PSMB2|PSMB3|PSMB4|PSMB6|PSMB7,-4.4,Down
Reactome Gene Sets,6,R-HSA-6807070,PTEN Regulation,,-6.6,23,11,30284,98,81,6,7.4,2.9,5687|5690|5691|5692|5694|5695,PSMA6|PSMB2|PSMB3|PSMB4|PSMB6|PSMB7,-4.3,Down
Reactome Gene Sets,6,R-HSA-5688426,Deubiquitination,,-6.6,12,9.2,30284,241,81,8,9.9,3.3,5687|5690|5691|5692|5694|5695|7415|8724,PSMA6|PSMB2|PSMB3|PSMB4|PSMB6|PSMB7|VCP|SNX3,-4.3,Down
Reactome Gene Sets,6,R-HSA-8939236,RUNX1 regulates transcription of genes involved in differentiation of HSCs,,-6.5,22,11,30284,100,81,6,7.4,2.9,5687|5690|5691|5692|5694|5695,PSMA6|PSMB2|PSMB3|PSMB4|PSMB6|PSMB7,-4.3,Down
Reactome Gene Sets,6,R-HSA-983168,Antigen processing: Ubiquitination & Proteasome degradation,,-6.5,12,9.2,30284,243,81,8,9.9,3.3,5687|5690|5691|5692|5694|5695|7334|131405,PSMA6|PSMB2|PSMB3|PSMB4|PSMB6|PSMB7|UBE2N|TRIM71,-4.3,Down
Reactome Gene Sets,6,R-HSA-9758941,Gastrulation,,-6.5,22,11,30284,102,81,6,7.4,2.9,5687|5690|5691|5692|5694|5695,PSMA6|PSMB2|PSMB3|PSMB4|PSMB6|PSMB7,-4.3,Down
Reactome Gene Sets,6,R-HSA-69206,G1/S Transition,,-6.4,21,11,30284,107,81,6,7.4,2.9,5687|5690|5691|5692|5694|5695,PSMA6|PSMB2|PSMB3|PSMB4|PSMB6|PSMB7,-4.1,Down
Reactome Gene Sets,6,R-HSA-5683057,MAPK family signaling cascades,,-6.3,12,8.9,30284,257,81,8,9.9,3.3,1950|5037|5687|5690|5691|5692|5694|5695,EGF|PEBP1|PSMA6|PSMB2|PSMB3|PSMB4|PSMB6|PSMB7,-4.1,Down
Reactome Gene Sets,6,R-HSA-3858494,Beta-catenin independent WNT signaling,,-6.3,21,11,30284,108,81,6,7.4,2.9,5687|5690|5691|5692|5694|5695,PSMA6|PSMB2|PSMB3|PSMB4|PSMB6|PSMB7,-4.1,Down
Reactome Gene Sets,6,R-HSA-376176,Signaling by ROBO receptors,,-6.3,15,9.5,30284,177,81,7,8.6,3.1,3921|5687|5690|5691|5692|5694|5695,RPSA|PSMA6|PSMB2|PSMB3|PSMB4|PSMB6|PSMB7,-4.1,Down
Reactome Gene Sets,6,R-HSA-5689880,Ub-specific processing proteases,,-6.3,15,9.5,30284,178,81,7,8.6,3.1,5687|5690|5691|5692|5694|5695|8724,PSMA6|PSMB2|PSMB3|PSMB4|PSMB6|PSMB7|SNX3,-4.1,Down
GO Biological Processes,19,GO:0006163,purine nucleotide metabolic process,19_GO:0009987 cellular process,-6.2,9.1,8.1,30284,371,81,9,11,3.5,226|2618|3312|3945|4830|7415|8833|11164|25824,ALDOA|GART|HSPA8|LDHB|NME1|VCP|GMPS|NUDT5|PRDX5,-4,Down
KEGG Pathway,24,hsa05012,Parkinson disease,,-6.2,11,8.6,30284,271,81,8,9.9,3.3,5682|5684|5687|5690|5691|5692|5694|5695,PSMA1|PSMA3|PSMA6|PSMB2|PSMB3|PSMB4|PSMB6|PSMB7,-4,Down
Reactome Gene Sets,6,R-HSA-68882,Mitotic Anaphase,,-6.2,14,9.3,30284,186,81,7,8.6,3.1,4000|5687|5690|5691|5692|5694|5695,LMNA|PSMA6|PSMB2|PSMB3|PSMB4|PSMB6|PSMB7,-4,Down
Reactome Gene Sets,6,R-HSA-5357801,Programmed Cell Death,,-6.1,19,10,30284,116,81,6,7.4,2.9,5687|5690|5691|5692|5694|5695,PSMA6|PSMB2|PSMB3|PSMB4|PSMB6|PSMB7,-4,Down
Reactome Gene Sets,6,R-HSA-2555396,Mitotic Metaphase and Anaphase,,-6.1,14,9.2,30284,187,81,7,8.6,3.1,4000|5687|5690|5691|5692|5694|5695,LMNA|PSMA6|PSMB2|PSMB3|PSMB4|PSMB6|PSMB7,-3.9,Down
Reactome Gene Sets,6,R-HSA-453279,Mitotic G1 phase and G1/S transition,,-6.1,19,10,30284,120,81,6,7.4,2.9,5687|5690|5691|5692|5694|5695,PSMA6|PSMB2|PSMB3|PSMB4|PSMB6|PSMB7,-3.9,Down
Reactome Gene Sets,6,R-HSA-68867,Assembly of the pre-replicative complex,,-6,18,10,30284,122,81,6,7.4,2.9,5687|5690|5691|5692|5694|5695,PSMA6|PSMB2|PSMB3|PSMB4|PSMB6|PSMB7,-3.8,Down
Reactome Gene Sets,6,R-HSA-157118,Signaling by NOTCH,,-6,13,9,30284,197,81,7,8.6,3.1,1950|5687|5690|5691|5692|5694|5695,EGF|PSMA6|PSMB2|PSMB3|PSMB4|PSMB6|PSMB7,-3.8,Down
Reactome Gene Sets,6,R-HSA-8951664,Neddylation,,-6,13,8.9,30284,199,81,7,8.6,3.1,5687|5690|5691|5692|5694|5695|7415,PSMA6|PSMB2|PSMB3|PSMB4|PSMB6|PSMB7|VCP,-3.8,Down
Reactome Gene Sets,6,R-HSA-1257604,PIP3 activates AKT signaling,,-5.9,13,8.9,30284,200,81,7,8.6,3.1,1950|5687|5690|5691|5692|5694|5695,EGF|PSMA6|PSMB2|PSMB3|PSMB4|PSMB6|PSMB7,-3.8,Down
Reactome Gene Sets,6,R-HSA-69242,S Phase,,-5.8,17,9.6,30284,131,81,6,7.4,2.9,5687|5690|5691|5692|5694|5695,PSMA6|PSMB2|PSMB3|PSMB4|PSMB6|PSMB7,-3.7,Down
Reactome Gene Sets,6,R-HSA-69002,DNA Replication Pre-Initiation,,-5.7,16,9.3,30284,137,81,6,7.4,2.9,5687|5690|5691|5692|5694|5695,PSMA6|PSMB2|PSMB3|PSMB4|PSMB6|PSMB7,-3.6,Down
KEGG Pathway,24,hsa05016,Huntington disease,,-5.7,9.6,7.9,30284,311,81,8,9.9,3.3,5682|5684|5687|5690|5691|5692|5694|5695,PSMA1|PSMA3|PSMA6|PSMB2|PSMB3|PSMB4|PSMB6|PSMB7,-3.6,Down
GO Biological Processes,19,GO:0009117,nucleotide metabolic process,19_GO:0009987 cellular process,-5.6,7.8,7.4,30284,431,81,9,11,3.5,226|2618|3312|3945|4830|7415|8833|11164|25824,ALDOA|GART|HSPA8|LDHB|NME1|VCP|GMPS|NUDT5|PRDX5,-3.5,Down
WikiPathways,27,WP3888,VEGFA VEGFR2 signaling,,-5.6,7.8,7.4,30284,432,81,9,11,3.5,226|813|2060|4673|5034|5879|7114|8665|8775,ALDOA|CALU|EPS15|NAP1L1|P4HB|RAC1|TMSB4X|EIF3F|NAPA,-3.5,Down
Reactome Gene Sets,6,R-HSA-6798695,Neutrophil degranulation,,-5.6,7.7,7.3,30284,435,81,9,11,3.5,823|2665|3312|4125|5695|7415|10549|23526|29952,CAPN1|GDI2|HSPA8|MAN2B1|PSMB7|VCP|PRDX4|ARHGAP45|DPP7,-3.4,Down
GO Biological Processes,19,GO:0006457,protein folding,19_GO:0009987 cellular process,-5.6,12,8.3,30284,226,81,7,8.6,3.1,2923|3312|5034|7184|10549|10808|10961,PDIA3|HSPA8|P4HB|HSP90B1|PRDX4|HSPH1|ERP29,-3.4,Down
GO Biological Processes,19,GO:0034975,protein folding in endoplasmic reticulum,19_GO:0009987 cellular process,-5.5,1.00E+02,17,30284,11,81,3,3.7,2.1,2923|5034|7184,PDIA3|P4HB|HSP90B1,-3.4,Down
Reactome Gene Sets,6,R-HSA-422475,Axon guidance,,-5.5,7.5,7.2,30284,446,81,9,11,3.5,3312|3921|4478|5687|5690|5691|5692|5694|5695,HSPA8|RPSA|MSN|PSMA6|PSMB2|PSMB3|PSMB4|PSMB6|PSMB7,-3.4,Down
Reactome Gene Sets,6,R-HSA-2467813,Separation of Sister Chromatids,,-5.5,15,8.9,30284,150,81,6,7.4,2.9,5687|5690|5691|5692|5694|5695,PSMA6|PSMB2|PSMB3|PSMB4|PSMB6|PSMB7,-3.3,Down
GO Biological Processes,19,GO:0006753,nucleoside phosphate metabolic process,19_GO:0009987 cellular process,-5.5,6.5,6.9,30284,578,81,10,12,3.7,226|2618|3312|3945|4830|7360|7415|8833|11164|25824,ALDOA|GART|HSPA8|LDHB|NME1|UGP2|VCP|GMPS|NUDT5|PRDX5,-3.3,Down
Reactome Gene Sets,6,R-HSA-71291,Metabolism of amino acids and derivatives,,-5.5,8.9,7.5,30284,336,81,8,9.9,3.3,2875|3921|5687|5690|5691|5692|5694|5695,GPT|RPSA|PSMA6|PSMB2|PSMB3|PSMB4|PSMB6|PSMB7,-3.3,Down
Reactome Gene Sets,6,R-HSA-9006925,Intracellular signaling by second messengers,,-5.5,11,8.1,30284,236,81,7,8.6,3.1,1950|5687|5690|5691|5692|5694|5695,EGF|PSMA6|PSMB2|PSMB3|PSMB4|PSMB6|PSMB7,-3.3,Down
Reactome Gene Sets,6,R-HSA-69620,Cell Cycle Checkpoints,,-5.5,11,8,30284,237,81,7,8.6,3.1,5687|5690|5691|5692|5694|5695|7334,PSMA6|PSMB2|PSMB3|PSMB4|PSMB6|PSMB7|UBE2N,-3.3,Down
Reactome Gene Sets,6,R-HSA-69275,G2/M Transition,,-5.4,14,8.6,30284,157,81,6,7.4,2.9,5687|5690|5691|5692|5694|5695,PSMA6|PSMB2|PSMB3|PSMB4|PSMB6|PSMB7,-3.2,Down
Reactome Gene Sets,6,R-HSA-9675108,Nervous system development,,-5.4,7.2,7,30284,467,81,9,11,3.5,3312|3921|4478|5687|5690|5691|5692|5694|5695,HSPA8|RPSA|MSN|PSMA6|PSMB2|PSMB3|PSMB4|PSMB6|PSMB7,-3.2,Down
Reactome Gene Sets,6,R-HSA-453274,Mitotic G2-G2/M phases,,-5.3,14,8.6,30284,159,81,6,7.4,2.9,5687|5690|5691|5692|5694|5695,PSMA6|PSMB2|PSMB3|PSMB4|PSMB6|PSMB7,-3.2,Down
GO Biological Processes,19,GO:0055086,nucleobase-containing small molecule metabolic process,19_GO:0009987 cellular process,-5.3,6.2,6.7,30284,605,81,10,12,3.7,226|2618|3312|3945|4830|7360|7415|8833|11164|25824,ALDOA|GART|HSPA8|LDHB|NME1|UGP2|VCP|GMPS|NUDT5|PRDX5,-3.2,Down
Reactome Gene Sets,6,R-HSA-69306,DNA Replication,,-5.2,13,8.3,30284,169,81,6,7.4,2.9,5687|5690|5691|5692|5694|5695,PSMA6|PSMB2|PSMB3|PSMB4|PSMB6|PSMB7,-3.1,Down
Reactome Gene Sets,6,R-HSA-162906,HIV Infection,,-5.1,13,8.1,30284,174,81,6,7.4,2.9,5687|5690|5691|5692|5694|5695,PSMA6|PSMB2|PSMB3|PSMB4|PSMB6|PSMB7,-3,Down
GO Biological Processes,19,GO:0072521,purine-containing compound metabolic process,19_GO:0009987 cellular process,-5.1,6.7,6.7,30284,500,81,9,11,3.5,226|2618|3312|3945|4830|7415|8833|11164|25824,ALDOA|GART|HSPA8|LDHB|NME1|VCP|GMPS|NUDT5|PRDX5,-3,Down
Reactome Gene Sets,6,R-HSA-195721,Signaling by WNT,,-5.1,9.7,7.4,30284,269,81,7,8.6,3.1,5687|5690|5691|5692|5694|5695|8724,PSMA6|PSMB2|PSMB3|PSMB4|PSMB6|PSMB7|SNX3,-3,Down
Reactome Gene Sets,6,R-HSA-8878171,Transcriptional regulation by RUNX1,,-5,12,8,30284,180,81,6,7.4,2.9,5687|5690|5691|5692|5694|5695,PSMA6|PSMB2|PSMB3|PSMB4|PSMB6|PSMB7,-2.9,Down
Reactome Gene Sets,6,R-HSA-114608,Platelet degranulation,,-5,18,8.9,30284,105,81,5,6.2,2.7,1950|5874|6403|6678|7114,EGF|RAB27B|SELP|SPARC|TMSB4X,-2.9,Down
GO Biological Processes,19,GO:2001233,regulation of apoptotic signaling pathway,19_GO:0050896 response to stimulus,-4.9,7.5,6.8,30284,399,81,8,9.9,3.3,351|2923|4000|5034|9958|10961|51060|56624,APP|PDIA3|LMNA|P4HB|USP15|ERP29|TXNDC12|ASAH2,-2.8,Down
Reactome Gene Sets,6,R-HSA-76005,Response to elevated platelet cytosolic Ca2+,,-4.9,17,8.7,30284,110,81,5,6.2,2.7,1950|5874|6403|6678|7114,EGF|RAB27B|SELP|SPARC|TMSB4X,-2.8,Down
GO Biological Processes,19,GO:0009150,purine ribonucleotide metabolic process,19_GO:0009987 cellular process,-4.9,9.1,7.2,30284,287,81,7,8.6,3.1,226|2618|3312|4830|7415|8833|11164,ALDOA|GART|HSPA8|NME1|VCP|GMPS|NUDT5,-2.8,Down
Reactome Gene Sets,6,R-HSA-201681,TCF dependent signaling in response to WNT,,-4.9,12,7.6,30284,194,81,6,7.4,2.9,5687|5690|5691|5692|5694|5695,PSMA6|PSMB2|PSMB3|PSMB4|PSMB6|PSMB7,-2.8,Down
Reactome Gene Sets,6,R-HSA-9824446,Viral Infection Pathways,,-4.8,5.4,6.1,30284,692,81,10,12,3.7,3312|3921|5687|5690|5691|5692|5694|5695|7334|7415,HSPA8|RPSA|PSMA6|PSMB2|PSMB3|PSMB4|PSMB6|PSMB7|UBE2N|VCP,-2.7,Down
GO Biological Processes,19,GO:0009259,ribonucleotide metabolic process,19_GO:0009987 cellular process,-4.7,8.5,6.8,30284,308,81,7,8.6,3.1,226|2618|3312|4830|7415|8833|11164,ALDOA|GART|HSPA8|NME1|VCP|GMPS|NUDT5,-2.6,Down
GO Biological Processes,19,GO:0019693,ribose phosphate metabolic process,19_GO:0009987 cellular process,-4.6,8.3,6.7,30284,316,81,7,8.6,3.1,226|2618|3312|4830|7415|8833|11164,ALDOA|GART|HSPA8|NME1|VCP|GMPS|NUDT5,-2.5,Down
Reactome Gene Sets,6,R-HSA-1640170,Cell Cycle,,-4.6,5.8,6,30284,584,81,9,11,3.5,4000|5687|5690|5691|5692|5694|5695|7334|9985,LMNA|PSMA6|PSMB2|PSMB3|PSMB4|PSMB6|PSMB7|UBE2N|REC8,-2.5,Down
Reactome Gene Sets,6,R-HSA-5653656,Vesicle-mediated transport,,-4.6,5.8,6,30284,585,81,9,11,3.5,1950|2665|3312|5874|6678|7184|8775|10808|26153,EGF|GDI2|HSPA8|RAB27B|SPARC|HSP90B1|NAPA|HSPH1|KIF26A,-2.5,Down
Reactome Gene Sets,6,R-HSA-68886,M Phase,,-4.3,7.4,6.3,30284,354,81,7,8.6,3.1,4000|5687|5690|5691|5692|5694|5695,LMNA|PSMA6|PSMB2|PSMB3|PSMB4|PSMB6|PSMB7,-2.2,Down
GO Biological Processes,19,GO:0016032,viral process,19_GO:0016032 viral process,-4.1,8.4,6.3,30284,266,81,6,7.4,2.9,2060|3921|7415|8665|10015|90861,EPS15|RPSA|VCP|EIF3F|PDCD6IP|JPT2,-2,Down
GO Biological Processes,19,GO:1902235,regulation of endoplasmic reticulum stress-induced intrinsic apoptotic signaling pathway,19_GO:0050896 response to stimulus,-4,33,9.7,30284,34,81,3,3.7,2.1,351|10961|51060,APP|ERP29|TXNDC12,-1.9,Down
Reactome Gene Sets,6,R-HSA-2173782,Binding and Uptake of Ligands by Scavenger Receptors,,-3.9,32,9.5,30284,35,81,3,3.7,2.1,6678|7184|10808,SPARC|HSP90B1|HSPH1,-1.9,Down
Reactome Gene Sets,6,R-HSA-15869,Metabolism of nucleotides,,-3.9,16,7.5,30284,93,81,4,4.9,2.4,2618|4830|8833|11164,GART|NME1|GMPS|NUDT5,-1.9,Down
GO Biological Processes,19,GO:0048193,Golgi vesicle transport,19_GO:0051179 localization,-3.9,7.8,6,30284,289,81,6,7.4,2.9,2060|5034|7415|8724|8775|10133,EPS15|P4HB|VCP|SNX3|NAPA|OPTN,-1.8,Down
GO Biological Processes,19,GO:0019058,viral life cycle,19_GO:0016032 viral process,-3.9,10,6.5,30284,181,81,5,6.2,2.7,2060|3921|7415|10015|90861,EPS15|RPSA|VCP|PDCD6IP|JPT2,-1.8,Down
GO Biological Processes,19,GO:1903580,positive regulation of ATP metabolic process,19_GO:0048518 positive regulation of biological process,-3.9,30,9.2,30284,37,81,3,3.7,2.1,351|7114|7415,APP|TMSB4X|VCP,-1.8,Down
GO Biological Processes,19,GO:2001242,regulation of intrinsic apoptotic signaling pathway,19_GO:0050896 response to stimulus,-3.8,9.9,6.3,30284,189,81,5,6.2,2.7,351|5034|9958|10961|51060,APP|P4HB|USP15|ERP29|TXNDC12,-1.7,Down
GO Biological Processes,19,GO:0009205,purine ribonucleoside triphosphate metabolic process,19_GO:0009987 cellular process,-3.8,9.8,6.3,30284,190,81,5,6.2,2.7,226|3312|4830|7415|11164,ALDOA|HSPA8|NME1|VCP|NUDT5,-1.7,Down
GO Biological Processes,19,GO:0043254,regulation of protein-containing complex assembly,19_GO:0050789 regulation of biological process,-3.8,6,5.4,30284,438,81,7,8.6,3.1,3312|4478|5879|6403|7114|7415|8775,HSPA8|MSN|RAC1|SELP|TMSB4X|VCP|NAPA,-1.7,Down
GO Biological Processes,19,GO:0045981,positive regulation of nucleotide metabolic process,19_GO:0048518 positive regulation of biological process,-3.7,27,8.7,30284,41,81,3,3.7,2.1,351|7114|7415,APP|TMSB4X|VCP,-1.7,Down
GO Biological Processes,19,GO:1900544,positive regulation of purine nucleotide metabolic process,19_GO:0048518 positive regulation of biological process,-3.7,27,8.7,30284,41,81,3,3.7,2.1,351|7114|7415,APP|TMSB4X|VCP,-1.7,Down
GO Biological Processes,19,GO:0009199,ribonucleoside triphosphate metabolic process,19_GO:0009987 cellular process,-3.7,9.5,6.2,30284,197,81,5,6.2,2.7,226|3312|4830|7415|11164,ALDOA|HSPA8|NME1|VCP|NUDT5,-1.7,Down
GO Biological Processes,19,GO:0009144,purine nucleoside triphosphate metabolic process,19_GO:0009987 cellular process,-3.7,9.5,6.2,30284,197,81,5,6.2,2.7,226|3312|4830|7415|11164,ALDOA|HSPA8|NME1|VCP|NUDT5,-1.7,Down
GO Biological Processes,19,GO:0030335,positive regulation of cell migration,19_GO:0040011 locomotion,-3.7,5,5.1,30284,600,81,8,9.9,3.3,81|351|1950|3312|5879|6403|6678|7114,ACTN4|APP|EGF|HSPA8|RAC1|SELP|SPARC|TMSB4X,-1.6,Down
GO Biological Processes,19,GO:0007163,establishment or maintenance of cell polarity,19_GO:0009987 cellular process,-3.6,9.1,6,30284,205,81,5,6.2,2.7,4000|4478|5879|9053|10015,LMNA|MSN|RAC1|MAP7|PDCD6IP,-1.6,Down
WikiPathways,27,WP5426,HDAC6 interactions in the central nervous system,,-3.6,13,6.8,30284,112,81,4,4.9,2.4,3312|5879|7415|10133,HSPA8|RAC1|VCP|OPTN,-1.6,Down
Reactome Gene Sets,6,R-HSA-9020591,Interleukin-12 signaling,,-3.6,25,8.3,30284,45,81,3,3.7,2.1,4478|5034|5721,MSN|P4HB|PSME2,-1.6,Down
GO Biological Processes,19,GO:0009141,nucleoside triphosphate metabolic process,19_GO:0009987 cellular process,-3.6,8.8,5.9,30284,213,81,5,6.2,2.7,226|3312|4830|7415|11164,ALDOA|HSPA8|NME1|VCP|NUDT5,-1.5,Down
Reactome Gene Sets,6,R-HSA-76002,"Platelet activation, signaling and aggregation",,-3.6,8.8,5.9,30284,213,81,5,6.2,2.7,1950|5874|6403|6678|7114,EGF|RAB27B|SELP|SPARC|TMSB4X,-1.5,Down
Canonical Pathways,11,M183,PID IL6 7 PATHWAY,,-3.6,24,8.1,30284,47,81,3,3.7,2.1,5791|5879|7184,PTPRE|RAC1|HSP90B1,-1.5,Down
GO Biological Processes,19,GO:2000147,positive regulation of cell motility,19_GO:0040011 locomotion,-3.5,4.7,4.9,30284,630,81,8,9.9,3.3,81|351|1950|3312|5879|6403|6678|7114,ACTN4|APP|EGF|HSPA8|RAC1|SELP|SPARC|TMSB4X,-1.5,Down
Reactome Gene Sets,6,R-HSA-69278,"Cell Cycle, Mitotic",,-3.5,5.5,5.1,30284,475,81,7,8.6,3.1,4000|5687|5690|5691|5692|5694|5695,LMNA|PSMA6|PSMB2|PSMB3|PSMB4|PSMB6|PSMB7,-1.5,Down
Canonical Pathways,11,M142,PID AJDISS 2PATHWAY,,-3.5,23,8,30284,48,81,3,3.7,2.1,1950|4830|5879,EGF|NME1|RAC1,-1.5,Down
GO Biological Processes,19,GO:0019362,pyridine nucleotide metabolic process,19_GO:0009987 cellular process,-3.5,12,6.5,30284,121,81,4,4.9,2.4,226|3945|7415|25824,ALDOA|LDHB|VCP|PRDX5,-1.5,Down
GO Biological Processes,19,GO:0046496,nicotinamide nucleotide metabolic process,19_GO:0009987 cellular process,-3.5,12,6.5,30284,121,81,4,4.9,2.4,226|3945|7415|25824,ALDOA|LDHB|VCP|PRDX5,-1.5,Down
Reactome Gene Sets,6,R-HSA-8953854,Metabolism of RNA,,-3.5,4.6,4.8,30284,644,81,8,9.9,3.3,3312|3921|5687|5690|5691|5692|5694|5695,HSPA8|RPSA|PSMA6|PSMB2|PSMB3|PSMB4|PSMB6|PSMB7,-1.5,Down
Reactome Gene Sets,6,R-HSA-447115,Interleukin-12 family signaling,,-3.5,22,7.9,30284,50,81,3,3.7,2.1,4478|5034|5721,MSN|P4HB|PSME2,-1.5,Down
GO Biological Processes,19,GO:0040017,positive regulation of locomotion,19_GO:0040011 locomotion,-3.5,4.6,4.8,30284,646,81,8,9.9,3.3,81|351|1950|3312|5879|6403|6678|7114,ACTN4|APP|EGF|HSPA8|RAC1|SELP|SPARC|TMSB4X,-1.5,Down
GO Biological Processes,19,GO:0010810,regulation of cell-substrate adhesion,19_GO:0050789 regulation of biological process,-3.5,8.3,5.7,30284,224,81,5,6.2,2.7,81|780|4811|5034|5879,ACTN4|DDR1|NID1|P4HB|RAC1,-1.4,Down
GO Biological Processes,19,GO:0006986,response to unfolded protein,19_GO:0050896 response to stimulus,-3.5,12,6.4,30284,124,81,4,4.9,2.4,3312|7415|10133|10808,HSPA8|VCP|OPTN|HSPH1,-1.4,Down
GO Biological Processes,19,GO:1903828,negative regulation of protein localization,19_GO:0051179 localization,-3.4,8.3,5.7,30284,226,81,5,6.2,2.7,351|2665|7415|8724|10961,APP|GDI2|VCP|SNX3|ERP29,-1.4,Down
GO Biological Processes,19,GO:0030879,mammary gland development,19_GO:0032502 developmental process,-3.4,12,6.3,30284,127,81,4,4.9,2.4,780|823|1950|4830,DDR1|CAPN1|EGF|NME1,-1.4,Down
KEGG Pathway,24,hsa00230,Purine metabolism,,-3.4,12,6.3,30284,128,81,4,4.9,2.4,2618|4830|8833|11164,GART|NME1|GMPS|NUDT5,-1.4,Down
Reactome Gene Sets,6,R-HSA-382551,Transport of small molecules,,-3.4,4.5,4.7,30284,663,81,8,9.9,3.3,5034|5687|5690|5691|5692|5694|5695|7415,P4HB|PSMA6|PSMB2|PSMB3|PSMB4|PSMB6|PSMB7|VCP,-1.4,Down
KEGG Pathway,24,hsa04810,Regulation of actin cytoskeleton,,-3.4,8.1,5.6,30284,232,81,5,6.2,2.7,81|1950|4478|5879|7114,ACTN4|EGF|MSN|RAC1|TMSB4X,-1.4,Down
GO Biological Processes,19,GO:0072524,pyridine-containing compound metabolic process,19_GO:0009987 cellular process,-3.4,12,6.2,30284,129,81,4,4.9,2.4,226|3945|7415|25824,ALDOA|LDHB|VCP|PRDX5,-1.4,Down
GO Biological Processes,19,GO:0010595,positive regulation of endothelial cell migration,19_GO:0040011 locomotion,-3.3,11,6.1,30284,133,81,4,4.9,2.4,1950|5879|6678|7114,EGF|RAC1|SPARC|TMSB4X,-1.3,Down
GO Biological Processes,19,GO:0035966,response to topologically incorrect protein,19_GO:0050896 response to stimulus,-3.2,11,5.9,30284,142,81,4,4.9,2.4,3312|7415|10133|10808,HSPA8|VCP|OPTN|HSPH1,-1.2,Down
GO Biological Processes,19,GO:0009152,purine ribonucleotide biosynthetic process,19_GO:0009987 cellular process,-3.2,11,5.9,30284,142,81,4,4.9,2.4,226|2618|4830|8833,ALDOA|GART|NME1|GMPS,-1.2,Down
GO Biological Processes,19,GO:1900024,regulation of substrate adhesion-dependent cell spreading,19_GO:0050789 regulation of biological process,-3.2,18,7,30284,62,81,3,3.7,2.1,81|5034|5879,ACTN4|P4HB|RAC1,-1.2,Down
GO Biological Processes,19,GO:0051604,protein maturation,19_GO:0009987 cellular process,-3.2,4.8,4.6,30284,544,81,7,8.6,3.1,2923|3312|5034|7184|10549|10808|10961,PDIA3|HSPA8|P4HB|HSP90B1|PRDX4|HSPH1|ERP29,-1.2,Down
GO Biological Processes,19,GO:0030036,actin cytoskeleton organization,19_GO:0009987 cellular process,-3.2,4.8,4.6,30284,546,81,7,8.6,3.1,81|226|5879|7114|7184|9322|10015,ACTN4|ALDOA|RAC1|TMSB4X|HSP90B1|TRIP10|PDCD6IP,-1.2,Down
GO Biological Processes,19,GO:0060627,regulation of vesicle-mediated transport,19_GO:0051179 localization,-3.2,4.8,4.6,30284,547,81,7,8.6,3.1,351|1950|4478|5874|5879|8724|10015,APP|EGF|MSN|RAB27B|RAC1|SNX3|PDCD6IP,-1.2,Down
WikiPathways,27,WP51,Regulation of actin cytoskeleton,,-3.1,10,5.7,30284,150,81,4,4.9,2.4,1950|4478|5879|7114,EGF|MSN|RAC1|TMSB4X,-1.2,Down
GO Biological Processes,19,GO:1901224,positive regulation of non-canonical NF-kappaB signal transduction,19_GO:0048518 positive regulation of biological process,-3.1,17,6.7,30284,66,81,3,3.7,2.1,81|351|7415,ACTN4|APP|VCP,-1.1,Down
GO Biological Processes,19,GO:0051129,negative regulation of cellular component organization,19_GO:0048519 negative regulation of biological process,-3.1,4.1,4.4,30284,730,81,8,9.9,3.3,351|2665|3312|4000|5879|7114|8724|146691,APP|GDI2|HSPA8|LMNA|RAC1|TMSB4X|SNX3|TOM1L2,-1.1,Down
GO Biological Processes,19,GO:1902532,negative regulation of intracellular signal transduction,19_GO:0048519 negative regulation of biological process,-3.1,4.1,4.4,30284,736,81,8,9.9,3.3,3312|5037|7114|7334|7415|10133|23526|51060,HSPA8|PEBP1|TMSB4X|UBE2N|VCP|OPTN|ARHGAP45|TXNDC12,-1.1,Down
GO Biological Processes,19,GO:0006886,intracellular protein transport,19_GO:0051179 localization,-3.1,4.6,4.5,30284,566,81,7,8.6,3.1,3312|4000|5874|7184|7415|8775|10961,HSPA8|LMNA|RAB27B|HSP90B1|VCP|NAPA|ERP29,-1.1,Down
GO Biological Processes,19,GO:0062013,positive regulation of small molecule metabolic process,19_GO:0048518 positive regulation of biological process,-3.1,9.5,5.5,30284,157,81,4,4.9,2.4,351|2875|7114|7415,APP|GPT|TMSB4X|VCP,-1.1,Down
GO Biological Processes,19,GO:0009260,ribonucleotide biosynthetic process,19_GO:0009987 cellular process,-3.1,9.5,5.5,30284,158,81,4,4.9,2.4,226|2618|4830|8833,ALDOA|GART|NME1|GMPS,-1.1,Down
WikiPathways,27,WP437,EGF EGFR signaling,,-3.1,9.4,5.5,30284,159,81,4,4.9,2.4,1950|2060|5037|5879,EGF|EPS15|PEBP1|RAC1,-1.1,Down
GO Biological Processes,19,GO:0046390,ribose phosphate biosynthetic process,19_GO:0009987 cellular process,-3,9.1,5.4,30284,165,81,4,4.9,2.4,226|2618|4830|8833,ALDOA|GART|NME1|GMPS,-1,Down
GO Biological Processes,19,GO:0046034,ATP metabolic process,19_GO:0009987 cellular process,-3,9,5.4,30284,166,81,4,4.9,2.4,226|3312|7415|11164,ALDOA|HSPA8|VCP|NUDT5,-1,Down
KEGG Pathway,24,hsa01230,Biosynthesis of amino acids,,-3,15,6.3,30284,75,81,3,3.7,2.1,95|226|2875,ACY1|ALDOA|GPT,-0.99,Down
GO Biological Processes,19,GO:1903578,regulation of ATP metabolic process,19_GO:0050789 regulation of biological process,-2.9,15,6.2,30284,76,81,3,3.7,2.1,351|7114|7415,APP|TMSB4X|VCP,-0.98,Down
GO Biological Processes,19,GO:1901293,nucleoside phosphate biosynthetic process,19_GO:0009987 cellular process,-2.9,6.3,4.8,30284,295,81,5,6.2,2.7,226|2618|4830|7360|8833,ALDOA|GART|NME1|UGP2|GMPS,-0.96,Down
Reactome Gene Sets,6,R-HSA-3371556,Cellular response to heat stress,,-2.9,14,6.1,30284,78,81,3,3.7,2.1,3312|7415|10808,HSPA8|VCP|HSPH1,-0.95,Down
Reactome Gene Sets,6,R-HSA-9663891,Selective autophagy,,-2.9,14,6.1,30284,78,81,3,3.7,2.1,3312|7334|7415,HSPA8|UBE2N|VCP,-0.95,Down
GO Biological Processes,19,GO:0030029,actin filament-based process,19_GO:0009987 cellular process,-2.9,4.2,4.2,30284,616,81,7,8.6,3.1,81|226|5879|7114|7184|9322|10015,ACTN4|ALDOA|RAC1|TMSB4X|HSP90B1|TRIP10|PDCD6IP,-0.92,Down
GO Biological Processes,19,GO:0006164,purine nucleotide biosynthetic process,19_GO:0009987 cellular process,-2.9,8.4,5.1,30284,178,81,4,4.9,2.4,226|2618|4830|8833,ALDOA|GART|NME1|GMPS,-0.91,Down
KEGG Pathway,24,hsa04612,Antigen processing and presentation,,-2.9,14,6,30284,81,81,3,3.7,2.1,2923|3312|5721,PDIA3|HSPA8|PSME2,-0.91,Down
GO Biological Processes,19,GO:0045913,positive regulation of carbohydrate metabolic process,19_GO:0048518 positive regulation of biological process,-2.8,13,5.8,30284,87,81,3,3.7,2.1,351|1950|2875,APP|EGF|GPT,-0.82,Down
GO Biological Processes,19,GO:1900542,regulation of purine nucleotide metabolic process,19_GO:0050789 regulation of biological process,-2.8,13,5.8,30284,87,81,3,3.7,2.1,351|7114|7415,APP|TMSB4X|VCP,-0.82,Down
GO Biological Processes,19,GO:0051897,positive regulation of phosphatidylinositol 3-kinase/protein kinase B signal transduction,19_GO:0048518 positive regulation of biological process,-2.8,7.9,4.9,30284,190,81,4,4.9,2.4,351|780|1950|6403,APP|DDR1|EGF|SELP,-0.81,Down
GO Biological Processes,19,GO:0006140,regulation of nucleotide metabolic process,19_GO:0050789 regulation of biological process,-2.8,13,5.7,30284,88,81,3,3.7,2.1,351|7114|7415,APP|TMSB4X|VCP,-0.81,Down
WikiPathways,27,WP4263,Pancreatic adenocarcinoma pathway,,-2.8,13,5.7,30284,89,81,3,3.7,2.1,1950|5037|5879,EGF|PEBP1|RAC1,-0.8,Down
KEGG Pathway,24,hsa04662,B cell receptor signaling pathway,,-2.7,12,5.6,30284,91,81,3,3.7,2.1,5879|27071|79168,RAC1|DAPP1|LILRA6,-0.77,Down
WikiPathways,27,WP5355,Metabolic epileptic disorders,,-2.7,12,5.6,30284,92,81,3,3.7,2.1,226|2875|3945,ALDOA|GPT|LDHB,-0.76,Down
GO Biological Processes,19,GO:1905897,regulation of response to endoplasmic reticulum stress,19_GO:0050896 response to stimulus,-2.7,12,5.6,30284,92,81,3,3.7,2.1,351|10961|51060,APP|ERP29|TXNDC12,-0.76,Down
GO Biological Processes,19,GO:2000177,regulation of neural precursor cell proliferation,19_GO:0050789 regulation of biological process,-2.7,12,5.5,30284,93,81,3,3.7,2.1,1950|4673|131405,EGF|NAP1L1|TRIM71,-0.75,Down
GO Biological Processes,19,GO:0045937,positive regulation of phosphate metabolic process,19_GO:0048518 positive regulation of biological process,-2.7,4.6,4.1,30284,493,81,6,7.4,2.9,351|1950|5879|7114|7415|10961,APP|EGF|RAC1|TMSB4X|VCP|ERP29,-0.74,Down
GO Biological Processes,19,GO:0010562,positive regulation of phosphorus metabolic process,19_GO:0048518 positive regulation of biological process,-2.7,4.6,4.1,30284,493,81,6,7.4,2.9,351|1950|5879|7114|7415|10961,APP|EGF|RAC1|TMSB4X|VCP|ERP29,-0.74,Down
GO Biological Processes,19,GO:0006897,endocytosis,19_GO:0051179 localization,-2.6,4.4,4,30284,508,81,6,7.4,2.9,351|2060|4830|5874|9322|90861,APP|EPS15|NME1|RAB27B|TRIP10|JPT2,-0.68,Down
Reactome Gene Sets,6,R-HSA-9748784,Drug ADME,,-2.6,11,5.3,30284,100,81,3,3.7,2.1,95|4830|8833,ACY1|NME1|GMPS,-0.67,Down
GO Biological Processes,19,GO:0030111,regulation of Wnt signaling pathway,19_GO:0050896 response to stimulus,-2.6,5.3,4.2,30284,350,81,5,6.2,2.7,351|1950|7415|8724|8932,APP|EGF|VCP|SNX3|MBD2,-0.67,Down
GO Biological Processes,19,GO:0009165,nucleotide biosynthetic process,19_GO:0009987 cellular process,-2.6,7,4.6,30284,214,81,4,4.9,2.4,226|2618|4830|8833,ALDOA|GART|NME1|GMPS,-0.65,Down
KEGG Pathway,24,hsa05417,Lipid and atherosclerosis,,-2.6,6.9,4.5,30284,216,81,4,4.9,2.4,3312|5879|6403|7184,HSPA8|RAC1|SELP|HSP90B1,-0.63,Down
Canonical Pathways,11,M164,PID ERBB1 DOWNSTREAM PATHWAY,,-2.5,11,5.1,30284,105,81,3,3.7,2.1,1950|5037|5879,EGF|PEBP1|RAC1,-0.62,Down
GO Biological Processes,19,GO:0022612,gland morphogenesis,19_GO:0032502 developmental process,-2.5,11,5.1,30284,105,81,3,3.7,2.1,780|823|4478,DDR1|CAPN1|MSN,-0.62,Down
KEGG Pathway,24,hsa04137,Mitophagy - animal,,-2.5,11,5.1,30284,105,81,3,3.7,2.1,7415|9958|10133,VCP|USP15|OPTN,-0.62,Down
GO Biological Processes,19,GO:0050829,defense response to Gram-negative bacterium,19_GO:0044419 biological process involved in interspecies interaction between organisms,-2.5,11,5.1,30284,106,81,3,3.7,2.1,351|6403|10133,APP|SELP|OPTN,-0.61,Down
GO Biological Processes,19,GO:1901222,regulation of non-canonical NF-kappaB signal transduction,19_GO:0050896 response to stimulus,-2.5,10,5.1,30284,107,81,3,3.7,2.1,81|351|7415,ACTN4|APP|VCP,-0.6,Down
Reactome Gene Sets,6,R-HSA-109582,Hemostasis,,-2.5,4.2,3.9,30284,535,81,6,7.4,2.9,1950|5874|6403|6678|7114|26153,EGF|RAB27B|SELP|SPARC|TMSB4X|KIF26A,-0.58,Down
GO Biological Processes,19,GO:0030162,regulation of proteolysis,19_GO:0050789 regulation of biological process,-2.5,4.2,3.8,30284,538,81,6,7.4,2.9,351|1950|5684|5696|5721|7415,APP|EGF|PSMA3|PSMB8|PSME2|VCP,-0.57,Down
KEGG Pathway,24,hsa04066,HIF-1 signaling pathway,,-2.5,10,5,30284,110,81,3,3.7,2.1,226|1950|3945,ALDOA|EGF|LDHB,-0.57,Down
GO Biological Processes,19,GO:0042176,regulation of protein catabolic process,19_GO:0050789 regulation of biological process,-2.5,5,4,30284,375,81,5,6.2,2.7,351|4478|5721|7415|8724,APP|MSN|PSME2|VCP|SNX3,-0.56,Down
GO Biological Processes,19,GO:0044409,symbiont entry into host,19_GO:0044419 biological process involved in interspecies interaction between organisms,-2.4,9.8,4.9,30284,114,81,3,3.7,2.1,2060|3921|90861,EPS15|RPSA|JPT2,-0.53,Down
GO Biological Processes,19,GO:0046718,symbiont entry into host cell,19_GO:0016032 viral process,-2.4,9.8,4.9,30284,114,81,3,3.7,2.1,2060|3921|90861,EPS15|RPSA|JPT2,-0.53,Down
Reactome Gene Sets,6,R-HSA-199991,Membrane Trafficking,,-2.4,4.1,3.8,30284,553,81,6,7.4,2.9,1950|2665|3312|5874|8775|26153,EGF|GDI2|HSPA8|RAB27B|NAPA|KIF26A,-0.52,Down
GO Biological Processes,19,GO:0010594,regulation of endothelial cell migration,19_GO:0040011 locomotion,-2.4,6.3,4.3,30284,236,81,4,4.9,2.4,1950|5879|6678|7114,EGF|RAC1|SPARC|TMSB4X,-0.52,Down
GO Biological Processes,19,GO:0034976,response to endoplasmic reticulum stress,19_GO:0050896 response to stimulus,-2.4,6.3,4.3,30284,236,81,4,4.9,2.4,2923|5034|7184|7415,PDIA3|P4HB|HSP90B1|VCP,-0.52,Down
GO Biological Processes,19,GO:0072522,purine-containing compound biosynthetic process,19_GO:0009987 cellular process,-2.4,6.3,4.3,30284,236,81,4,4.9,2.4,226|2618|4830|8833,ALDOA|GART|NME1|GMPS,-0.52,Down
GO Biological Processes,19,GO:0002685,regulation of leukocyte migration,19_GO:0040011 locomotion,-2.4,6.3,4.3,30284,236,81,4,4.9,2.4,351|4478|5879|6403,APP|MSN|RAC1|SELP,-0.52,Down
KEGG Pathway,24,hsa01200,Carbon metabolism,,-2.4,9.7,4.8,30284,116,81,3,3.7,2.1,39|226|2875,ACAT2|ALDOA|GPT,-0.52,Down
KEGG Pathway,24,hsa04670,Leukocyte transendothelial migration,,-2.4,9.7,4.8,30284,116,81,3,3.7,2.1,81|4478|5879,ACTN4|MSN|RAC1,-0.52,Down
GO Biological Processes,19,GO:0051668,localization within membrane,19_GO:0051179 localization,-2.4,4,3.7,30284,561,81,6,7.4,2.9,2060|4000|5879|8724|9053|10133,EPS15|LMNA|RAC1|SNX3|MAP7|OPTN,-0.5,Down
Reactome Gene Sets,6,R-HSA-1632852,Macroautophagy,,-2.4,9.3,4.7,30284,121,81,3,3.7,2.1,3312|7334|7415,HSPA8|UBE2N|VCP,-0.47,Down
GO Biological Processes,19,GO:0022604,regulation of cell morphogenesis,19_GO:0032502 developmental process,-2.4,6.1,4.1,30284,247,81,4,4.9,2.4,226|4478|5879|6678,ALDOA|MSN|RAC1|SPARC,-0.46,Down
GO Biological Processes,19,GO:0031401,positive regulation of protein modification process,19_GO:0048518 positive regulation of biological process,-2.4,3.9,3.6,30284,574,81,6,7.4,2.9,351|1950|5879|7334|7415|10961,APP|EGF|RAC1|UBE2N|VCP|ERP29,-0.46,Down
KEGG Pathway,24,hsa05131,Shigellosis,,-2.3,6,4.1,30284,250,81,4,4.9,2.4,81|823|5879|7334,ACTN4|CAPN1|RAC1|UBE2N,-0.44,Down
GO Biological Processes,19,GO:0016052,carbohydrate catabolic process,19_GO:0009987 cellular process,-2.3,9,4.6,30284,125,81,3,3.7,2.1,226|4125|11164,ALDOA|MAN2B1|NUDT5,-0.44,Down
KEGG Pathway,24,hsa04144,Endocytosis,,-2.3,5.9,4.1,30284,252,81,4,4.9,2.4,2060|3312|8724|10015,EPS15|HSPA8|SNX3|PDCD6IP,-0.43,Down
GO Biological Processes,19,GO:0010811,positive regulation of cell-substrate adhesion,19_GO:0048518 positive regulation of biological process,-2.3,8.9,4.6,30284,126,81,3,3.7,2.1,4811|5034|5879,NID1|P4HB|RAC1,-0.43,Down
GO Biological Processes,19,GO:0048259,regulation of receptor-mediated endocytosis,19_GO:0051179 localization,-2.3,8.8,4.6,30284,128,81,3,3.7,2.1,351|1950|5879,APP|EGF|RAC1,-0.42,Down
GO Biological Processes,19,GO:0019752,carboxylic acid metabolic process,19_GO:0009987 cellular process,-2.3,3.3,3.4,30284,783,81,7,8.6,3.1,39|226|2875|3945|5034|7360|56624,ACAT2|ALDOA|GPT|LDHB|P4HB|UGP2|ASAH2,-0.41,Down
WikiPathways,27,WP4217,Ebola virus infection in host,,-2.3,8.7,4.5,30284,129,81,3,3.7,2.1,81|2060|5879,ACTN4|EPS15|RAC1,-0.41,Down
GO Biological Processes,19,GO:0071345,cellular response to cytokine stimulus,19_GO:0050896 response to stimulus,-2.3,3.3,3.4,30284,787,81,7,8.6,3.1,81|780|2923|5034|7114|56624|79168,ACTN4|DDR1|PDIA3|P4HB|TMSB4X|ASAH2|LILRA6,-0.41,Down
Reactome Gene Sets,6,R-HSA-9612973,Autophagy,,-2.3,8.4,4.4,30284,133,81,3,3.7,2.1,3312|7334|7415,HSPA8|UBE2N|VCP,-0.38,Down
GO Biological Processes,19,GO:0098876,vesicle-mediated transport to the plasma membrane,19_GO:0051179 localization,-2.3,8.4,4.4,30284,134,81,3,3.7,2.1,2060|8724|10133,EPS15|SNX3|OPTN,-0.37,Down
GO Biological Processes,19,GO:1901292,nucleoside phosphate catabolic process,19_GO:0009987 cellular process,-2.3,8.4,4.4,30284,134,81,3,3.7,2.1,226|7415|11164,ALDOA|VCP|NUDT5,-0.37,Down
GO Biological Processes,19,GO:0048732,gland development,19_GO:0032502 developmental process,-2.2,4.4,3.6,30284,428,81,5,6.2,2.7,780|823|1950|4478|4830,DDR1|CAPN1|EGF|MSN|NME1,-0.35,Down
GO Biological Processes,19,GO:0007160,cell-matrix adhesion,19_GO:0009987 cellular process,-2.2,8.2,4.4,30284,137,81,3,3.7,2.1,780|4811|5879,DDR1|NID1|RAC1,-0.35,Down
GO Biological Processes,19,GO:0019221,cytokine-mediated signaling pathway,19_GO:0050896 response to stimulus,-2.2,4.3,3.6,30284,431,81,5,6.2,2.7,81|780|5034|7114|79168,ACTN4|DDR1|P4HB|TMSB4X|LILRA6,-0.34,Down
GO Biological Processes,19,GO:0008037,cell recognition,19_GO:0009987 cellular process,-2.2,8.1,4.3,30284,138,81,3,3.7,2.1,226|351|4478,ALDOA|APP|MSN,-0.34,Down
GO Biological Processes,19,GO:0008360,regulation of cell shape,19_GO:0032502 developmental process,-2.2,8.1,4.3,30284,139,81,3,3.7,2.1,226|4478|5879,ALDOA|MSN|RAC1,-0.33,Down
GO Biological Processes,19,GO:0006520,amino acid metabolic process,19_GO:0009987 cellular process,-2.2,5.5,3.8,30284,273,81,4,4.9,2.4,95|2875|3035|5034,ACY1|GPT|HARS1|P4HB,-0.33,Down
GO Biological Processes,19,GO:0007015,actin filament organization,19_GO:0009987 cellular process,-2.2,5.4,3.8,30284,278,81,4,4.9,2.4,226|5879|7114|7184,ALDOA|RAC1|TMSB4X|HSP90B1,-0.31,Down
GO Biological Processes,19,GO:0051896,regulation of phosphatidylinositol 3-kinase/protein kinase B signal transduction,19_GO:0050896 response to stimulus,-2.2,5.4,3.8,30284,278,81,4,4.9,2.4,351|780|1950|6403,APP|DDR1|EGF|SELP,-0.31,Down
GO Biological Processes,19,GO:0050727,regulation of inflammatory response,19_GO:0050896 response to stimulus,-2.2,4.2,3.5,30284,442,81,5,6.2,2.7,351|5682|5687|5692|7114,APP|PSMA1|PSMA6|PSMB4|TMSB4X,-0.31,Down
Reactome Gene Sets,6,R-HSA-1474165,Reproduction,,-2.2,7.8,4.2,30284,143,81,3,3.7,2.1,4000|9985|257062,LMNA|REC8|CATSPERD,-0.31,Down
WikiPathways,27,WP2853,Endoderm differentiation,,-2.2,7.8,4.2,30284,144,81,3,3.7,2.1,351|4830|131405,APP|NME1|TRIM71,-0.3,Down
Reactome Gene Sets,6,R-HSA-1474244,Extracellular matrix organization,,-2.2,5.3,3.8,30284,281,81,4,4.9,2.4,823|4811|5034|6678,CAPN1|NID1|P4HB|SPARC,-0.3,Down
GO Biological Processes,19,GO:0009896,positive regulation of catabolic process,19_GO:0048518 positive regulation of biological process,-2.2,3.6,3.4,30284,631,81,6,7.4,2.9,351|1950|4478|7415|10133|131405,APP|EGF|MSN|VCP|OPTN|TRIM71,-0.3,Down
GO Biological Processes,19,GO:0050921,positive regulation of chemotaxis,19_GO:0040011 locomotion,-2.1,7.7,4.2,30284,146,81,3,3.7,2.1,351|5879|7114,APP|RAC1|TMSB4X,-0.29,Down
GO Biological Processes,19,GO:0032984,protein-containing complex disassembly,19_GO:0009987 cellular process,-2.1,7.5,4.1,30284,149,81,3,3.7,2.1,3312|7415|8775,HSPA8|VCP|NAPA,-0.27,Down
GO Biological Processes,19,GO:0051701,biological process involved in interaction with host,19_GO:0044419 biological process involved in interspecies interaction between organisms,-2.1,7.4,4.1,30284,151,81,3,3.7,2.1,2060|3921|90861,EPS15|RPSA|JPT2,-0.25,Down
GO Biological Processes,19,GO:0030177,positive regulation of Wnt signaling pathway,19_GO:0048518 positive regulation of biological process,-2.1,7.4,4.1,30284,152,81,3,3.7,2.1,1950|7415|8932,EGF|VCP|MBD2,-0.25,Down
GO Biological Processes,19,GO:0002687,positive regulation of leukocyte migration,19_GO:0040011 locomotion,-2.1,7.4,4.1,30284,152,81,3,3.7,2.1,351|5879|6403,APP|RAC1|SELP,-0.25,Down
GO Biological Processes,19,GO:0120035,regulation of plasma membrane bounded cell projection organization,19_GO:0050789 regulation of biological process,-2.1,3.5,3.3,30284,650,81,6,7.4,2.9,351|780|2665|5879|8724|26153,APP|DDR1|GDI2|RAC1|SNX3|KIF26A,-0.25,Down
GO Biological Processes,19,GO:0031344,regulation of cell projection organization,19_GO:0050789 regulation of biological process,-2,3.4,3.2,30284,667,81,6,7.4,2.9,351|780|2665|5879|8724|26153,APP|DDR1|GDI2|RAC1|SNX3|KIF26A,-0.2,Down
WikiPathways,27,WP5381,Smith Magenis and Potocki Lupski syndrome copy number variation,,-2,7.1,4,30284,159,81,3,3.7,2.1,351|2665|146691,APP|GDI2|TOM1L2,-0.2,Down
GO Biological Processes,19,GO:0031348,negative regulation of defense response,19_GO:0048519 negative regulation of biological process,-2,4.9,3.5,30284,308,81,4,4.9,2.4,5682|5692|7114|9958,PSMA1|PSMB4|TMSB4X|USP15,-0.18,Down
GO Biological Processes,19,GO:0030100,regulation of endocytosis,19_GO:0051179 localization,-2,4.8,3.5,30284,309,81,4,4.9,2.4,351|1950|5879|8724,APP|EGF|RAC1|SNX3,-0.17,Down
GO Biological Processes,19,GO:2001236,regulation of extrinsic apoptotic signaling pathway,19_GO:0050896 response to stimulus,-2,6.8,3.9,30284,165,81,3,3.7,2.1,351|2923|4000,APP|PDIA3|LMNA,-0.16,Down
